{
  "format_version": "1.19.50",
  "minecraft:block": {
    "description": {
      "identifier": "nicothekid:flower_bush_poppy",
      "menu_category": {
				"category": "nature",
        "group": "itemGroup.name.leaves"
			}
    },
    "components": {
      "minecraft:material_instances": {
        "*": {
          "texture": "nicothekid_flower_bush_poppy",
          "render_method": "blend",
          "ambient_occlusion": true,
					"face_dimming": true
        }
      },
      "minecraft:unit_cube": {},
      "minecraft:map_color": "#58881e",
      "minecraft:breathability": "air",
      "minecraft:light_dampening": 8,
      "minecraft:light_emission": 0,
      "minecraft:friction": 0.4,
      "minecraft:flammable": {
        "catch_chance_modifier": 5,
        "destroy_chance_modifier": 20
      },
      "minecraft:destructible_by_explosion": true,
      "minecraft:destructible_by_mining": {
        "seconds_to_destroy": 0.1
      },
      "minecraft:loot": "loot_tables/nicos_block_expansion/blocks/nicothekid_flower_bush_poppy.json",
      
      "tag:flower_bush_poppy": {},
      "tag:flower_bush": {},
      "tag:plant": {}
    }
  }
}
