{
  "format_version": "1.19.50",
  "minecraft:block": {
    "description": {
      "identifier": "nicothekid:mossy_deepslate_bricks",
      "menu_category": {
				"category": "construction",
				"group": "itemGroup.name.stoneBrick"
			}
    },
    "components": {
      "minecraft:material_instances": {
        "*": {
          "texture": "nicothekid_mossy_deepslate_bricks",
          "render_method": "opaque",
          "ambient_occlusion": true,
					"face_dimming": true
        }
      },
      "minecraft:unit_cube": {},
      "minecraft:map_color": "#272c24",
      "minecraft:light_dampening": 15,
      "minecraft:light_emission": 0,
      "minecraft:friction": 0.4,
      "minecraft:flammable": {
        "catch_chance_modifier": 5,
        "destroy_chance_modifier": 0
      },
      "minecraft:destructible_by_explosion": {
        "explosion_resistance": 15.0
      },
      "minecraft:destructible_by_mining": {
        "seconds_to_destroy": 0.5
      },
      "minecraft:loot": "loot_tables/nicos_block_expansion/blocks/nicothekid_mossy_deepslate_bricks.json",
      
      "tag:mossy_deepslate_bricks": {},
      "tag:custom_bricks_block": {},
      "tag:stone": {}
    }
  }
}
