{
  "format_version": "1.19.50",
  "minecraft:block": {
    "description": {
      "identifier": "nicothekid:evaporator_iron_lava",
      "menu_category": {
				"category": "none",
				"group": "none"
			}
    },
    "components": {
      "minecraft:material_instances": {
        "*": {
          "texture": "nicothekid_evaporator_iron_lava",
          "render_method": "alpha_test"
        }
      },
      "minecraft:geometry": "geometry.block.nicothekid_evaporator",
      "minecraft:map_color": "#686868",
      "minecraft:breathability": "air",
      "minecraft:collision_box": {
        "origin": [ -8, 0, -8 ],
        "size": [ 16, 10, 16 ]
      },
      "minecraft:selection_box": {
        "origin": [ -8, 0, -8 ],
        "size": [ 16, 10, 16 ]
      },
      "minecraft:light_dampening": 0,
      "minecraft:light_emission": 13,
      "minecraft:friction": 0.4,
      "minecraft:flammable": false,
      "minecraft:destructible_by_explosion": {
        "explosion_resistance": 30.0
      },
      "minecraft:destructible_by_mining": {
        "seconds_to_destroy": 0.6
      },
      "minecraft:loot": "loot_tables/nicos_item_expansion/blocks/nicothekid_evaporator_iron_empty.json",
      "minecraft:on_interact": {
        "event": "nicothekid:evaporator_iron_lava_interact",
        "condition": "query.get_equipped_item_name('main_hand') == 'bucket'"
      },
      "minecraft:queued_ticking": {
        "looping": false,
        "interval_range": [ 3000, 3000 ],
        "on_tick": {
          "event": "nicothekid:evaporator_iron_lava_to_obsidian",
          "target": "self"
        }
      },
      
      "tag:evaporator_iron": {},
      "tag:stone": {},
      "tag:metal": {}
    },
    "events": {
      "nicothekid:evaporator_iron_lava_interact": {
        "sequence": [
          {
            "condition": "query.get_equipped_item_name('main_hand') == 'bucket'",
            "trigger": {
              "event": "nicothekid:evaporator_iron_lava_interact_bucket",
              "target": "self"
            }
          }
        ]
      },
      "nicothekid:evaporator_iron_lava_interact_bucket": {
        "sequence": [
          {
						"decrement_stack": {}
					},
					{
						"run_command": {
							"command": [
							  "give @p minecraft:lava_bucket 1",
								"playsound bucket.fill_water @a[r=10]"
							]
						}
					},
          {
            "trigger": {
              "event": "nicothekid:evaporator_iron_lava_to_empty"
            }
          }
        ]
      },
      "nicothekid:evaporator_iron_lava_to_empty": {
        "set_block": {
          "block_type": "nicothekid:evaporator_iron_empty"
        }
      },
      "nicothekid:evaporator_iron_lava_to_obsidian": {
        "set_block": {
          "block_type": "nicothekid:evaporator_iron_obsidian"
        }
      }
    }
  }
}