{
  "format_version": "1.19.50",
  "minecraft:block": {
    "description": {
      "identifier": "nicothekid:mosshroom_light",
      "menu_category": {
				"category": "nature",
				"group": "itemGroup.name.mushroom"
			},
			"properties": {
        "nicothekid:mosshroom_lighten": [
          0,
          1
        ]
      }
    },
    "components": {
      "minecraft:material_instances": {
        "*": {
          "texture": "nicothekid_mosshroom_light",
          "render_method": "opaque",
          "ambient_occlusion": false,
          "face_dimming": false
        }
      },
      "minecraft:map_color": "#70922D",
      "minecraft:breathability": "solid",
      "minecraft:unit_cube": {},
      "minecraft:light_dampening": 15,
      "minecraft:light_emission": 10,
      "minecraft:friction": 0.4,
      "minecraft:flammable": {
        "catch_chance_modifier": 5,
        "destroy_chance_modifier": 20
      },
      "minecraft:destructible_by_explosion": true,
      "minecraft:destructible_by_mining": {
        "seconds_to_destroy": 0.3
      },
      "minecraft:loot": "loot_tables/nicos_cave_expansion/blocks/nicothekid_mosshroom_light.json",
      "minecraft:on_step_on": {
        "event": "nicothekid:mosshroom_light_step_on"
      },
      "minecraft:on_step_off": {
        "event": "nicothekid:mosshroom_light_step_off"
      },
      
      "tag:mosshroom_light": {},
      "tag:custom_fungus_block": {},
      "tag:plant": {}
    },
    "permutations": [
      {
        "condition": "query.block_property('nicothekid:mosshroom_lighten') == 0",
        "components": {
          "minecraft:material_instances": {
            "*": {
              "texture": "nicothekid_mosshroom_light",
              "render_method": "opaque",
              "ambient_occlusion": false,
              "face_dimming": false
            }
          },
          "minecraft:light_dampening": 15,
          "minecraft:light_emission": 10
        }
      },
      {
        "condition": "query.block_property('nicothekid:mosshroom_lighten') == 1",
        "components": {
          "minecraft:material_instances": {
            "*": {
              "texture": "nicothekid_mosshroom_lighten",
              "render_method": "opaque",
              "ambient_occlusion": false,
              "face_dimming": false
            }
          },
          "minecraft:light_dampening": 15,
          "minecraft:light_emission": 15
        }
      }
    ],
    "events": {
      "nicothekid:mosshroom_light_step_on": {
        "sequence": [
					{
						"run_command": {
							"command": [
							  "playsound dig.shroomlight @a[r=10]",
								"particle nicothekid:mosshroom_light_particle ~ ~ ~"
							]
						}
					},
					{
						"trigger": {
							"event": "nicothekid:mosshroom_light_step_on_lighten"
						}
					}
				]
      },
      "nicothekid:mosshroom_light_step_on_lighten": {
        "set_block_property": {
					"nicothekid:mosshroom_lighten": 1
				}
      },
      "nicothekid:mosshroom_light_step_off": {
        "set_block_property": {
					"nicothekid:mosshroom_lighten": 0
				}
      }
    }
  }
}
