{
  "format_version": "1.19.50",
  "minecraft:block": {
    "description": {
      "identifier": "nicothekid:structure_msa_c",
      "menu_category": {
				"category": "none",
				"group": "none"
			}
    },
    "components": {
      "minecraft:material_instances": {
        "*": {
          "texture": "nicothekid_structure_msa_c",
          "render_method": "blend",
          "ambient_occlusion": false,
					"face_dimming": false
        }
      },
      "minecraft:unit_cube": {},
      "minecraft:map_color": "#3e3e3e",
      "minecraft:breathability": "air",
      "minecraft:collision_box": false,
      "minecraft:selection_box": {
        "origin": [ -8, 0, -8 ],
        "size": [ 16, 16, 16 ]
      },
      "minecraft:light_dampening": 0,
      "minecraft:light_emission": 0,
      "minecraft:friction": 0.4,
      "minecraft:flammable": false,
      "minecraft:destructible_by_explosion": true,
      "minecraft:destructible_by_mining": {
        "seconds_to_destroy": 0.05
      },
      "minecraft:loot": "loot_tables/blocks/empty.json",
      "minecraft:random_ticking": {
				"on_tick": {
					"event": "structure:msa_c",
					"target": "self"
				}
      },
			
      "tag:structure_block_spawner": {}
    },
    "events": {
      "structure:msa_c": {
				"randomize": [
					{
						"weight": 35,
						"run_command": {
							"target": "self",
							"command": [
								"setblock ~~~ air"
							]
						}
					},
					{
						"weight": 10,
						"run_command": {
							"target": "self",
							"command": [
								"setblock ~~~ air",
								"structure load msa_way_c_01 ~-8 ~-1 ~-2 180_degrees"
							]
						}
					},
					{
						"weight": 10,
						"run_command": {
							"target": "self",
							"command": [
								"setblock ~~~ air",
								"structure load msa_way_c_02 ~-8 ~-1 ~-2 180_degrees"
							]
						}
					},
					{
						"weight": 10,
						"run_command": {
							"target": "self",
							"command": [
								"setblock ~~~ air",
								"structure load msa_way_c_03 ~-8 ~-1 ~-2 180_degrees"
							]
						}
					},
					{
						"weight": 10,
						"run_command": {
							"target": "self",
							"command": [
								"setblock ~~~ air",
								"structure load msa_way_c_04 ~-8 ~-1 ~-2 180_degrees"
							]
						}
					},
					{
						"weight": 10,
						"run_command": {
							"target": "self",
							"command": [
								"setblock ~~~ air",
								"structure load msa_way_c_05 ~-8 ~-1 ~-2 180_degrees"
							]
						}
					},
					{
						"weight": 10,
						"run_command": {
							"target": "self",
							"command": [
								"setblock ~~~ air",
								"structure load msa_way_c_06 ~-8 ~-1 ~-2 180_degrees"
							]
						}
					},
					{
						"weight": 10,
						"run_command": {
							"target": "self",
							"command": [
								"setblock ~~~ air",
								"structure load msa_way_c_07 ~-8 ~-1 ~-2 180_degrees"
							]
						}
					},
					{
						"weight": 10,
						"run_command": {
							"target": "self",
							"command": [
								"setblock ~~~ air",
								"structure load msa_way_c_08 ~-8 ~-1 ~-2 180_degrees"
							]
						}
					},
					{
						"weight": 10,
						"run_command": {
							"target": "self",
							"command": [
								"setblock ~~~ air",
								"structure load msa_way_c_09 ~-8 ~-1 ~-2 180_degrees"
							]
						}
					},
					{
						"weight": 10,
						"run_command": {
							"target": "self",
							"command": [
								"setblock ~~~ air",
								"structure load msa_way_c_10 ~-8 ~-1 ~-2 180_degrees"
							]
						}
					},
					{
						"weight": 10,
						"run_command": {
							"target": "self",
							"command": [
								"setblock ~~~ air",
								"structure load msa_way_c_11 ~-8 ~-1 ~-2 180_degrees"
							]
						}
					},
					{
						"weight": 10,
						"run_command": {
							"target": "self",
							"command": [
								"setblock ~~~ air",
								"structure load msa_way_c_12 ~-8 ~-1 ~-2 180_degrees"
							]
						}
					},
					{
						"weight": 7,
						"run_command": {
							"target": "self",
							"command": [
								"setblock ~~~ air",
								"structure load msa_room_c_00 ~-10 ~-1 ~-5 180_degrees"
							]
						}
					},
					{
						"weight": 7,
						"run_command": {
							"target": "self",
							"command": [
								"setblock ~~~ air",
								"structure load msa_room_c_01 ~-10 ~-1 ~-5 180_degrees"
							]
						}
					},
					{
						"weight": 7,
						"run_command": {
							"target": "self",
							"command": [
								"setblock ~~~ air",
								"structure load msa_room_c_02 ~-10 ~-1 ~-5 180_degrees"
							]
						}
					},
					{
						"weight": 7,
						"run_command": {
							"target": "self",
							"command": [
								"setblock ~~~ air",
								"structure load msa_room_c_03 ~-10 ~-1 ~-5 180_degrees"
							]
						}
					},
					{
						"weight": 7,
						"run_command": {
							"target": "self",
							"command": [
								"setblock ~~~ air",
								"structure load msa_room_c_04 ~-10 ~-1 ~-5 180_degrees"
							]
						}
					},
					{
						"weight": 5,
						"run_command": {
							"target": "self",
							"command": [
								"setblock ~~~ air",
								"structure load msa_spid_c_01 ~-10 ~-1 ~-5 180_degrees"
							]
						}
					},
					{
						"weight": 5,
						"run_command": {
							"target": "self",
							"command": [
								"setblock ~~~ air",
								"structure load msa_zomb_c_01 ~-10 ~-1 ~-5  180_degrees"
							]
						}
					}
				]
			}
    }
  }
}
