{
  "format_version": "1.19.50",
  "minecraft:block": {
    "description": {
      "identifier": "nicothekid:leather_pile",
      "menu_category": {
				"category": "construction"
			}
    },
    "components": {
      "minecraft:material_instances": {
        "*": {
          "texture": "nicothekid_leather_pile_side",
          "render_method": "opaque",
          "ambient_occlusion": true,
					"face_dimming": true
        },
        "up": {
          "texture": "nicothekid_leather_pile_up",
          "render_method": "opaque",
          "ambient_occlusion": true,
					"face_dimming": true
        },
        "down": {
          "texture": "nicothekid_leather_pile_up",
          "render_method": "opaque",
          "ambient_occlusion": true,
					"face_dimming": true
        }
      },
      "minecraft:unit_cube": {},
      "minecraft:map_color": "#a16632",
      "minecraft:breathability": "solid",
      "minecraft:light_dampening": 15,
      "minecraft:light_emission": 0,
      "minecraft:friction": 0.4,
      "minecraft:flammable": {
        "catch_chance_modifier": 5,
        "destroy_chance_modifier": 20
      },
      "minecraft:destructible_by_explosion": true,
      "minecraft:destructible_by_mining": {
        "seconds_to_destroy": 0.2
      },
      "minecraft:loot": "loot_tables/nicos_block_expansion/blocks/nicothekid_leather_pile.json",
      
      "tag:leather_pile": {},
      "tag:custom_pile": {},
      "tag:dirt": {}
    }
  }
}
