{
  "format_version": "1.19.50",
  "minecraft:block": {
    "description": {
      "identifier": "nicothekid:jack_o_soul_lantern",
      "menu_category": {
				"category": "items"
			},
			"properties": {
				"nicothekid:block_rotation": [
				  0,
				  1,
					2,
					3,
					4,
					5
				]
			}
    },
    "components": {
      "minecraft:material_instances": {
        "*": {
          "texture": "nicothekid_jack_o_soul_lantern",
          "render_method": "opaque",
          "ambient_occlusion": true,
					"face_dimming": false
        }
      },
      "minecraft:geometry": "geometry.block.nicothekid_cube",
      "minecraft:map_color": "#cd9260",
      "minecraft:breathability": "solid",
      "minecraft:collision_box": {
        "origin": [ -8, 0, -8 ],
        "size": [ 16, 16, 16 ]
      },
      "minecraft:selection_box": {
        "origin": [ -8, 0, -8 ],
        "size": [ 16, 16, 16 ]
      },
      "minecraft:light_dampening": 15,
      "minecraft:light_emission": 10,
      "minecraft:friction": 0.4,
      "minecraft:flammable": false,
      "minecraft:destructible_by_explosion": {
        "explosion_resistance": 25.0
      },
      "minecraft:destructible_by_mining": {
        "seconds_to_destroy": 0.2
      },
      "minecraft:loot": "loot_tables/lamps_lanterns/blocks/nicothekid_jack_o_soul_lantern.json",
      "minecraft:on_player_placing": {
				"event": "nicothekid:placing_rotation"
			},
      "minecraft:rotation": [ 0, 180, 0 ],
      
      "tag:jack_o_soul_lantern": {},
      "tag:custom_lantern": {},
      "tag:custom_soul_lantern": {},
      "tag:wood": {}
    },
    "permutations": [
      {
        "condition": "query.block_property('nicothekid:block_rotation') == 0",
        "components": {
          "minecraft:rotation": [ 0, 0, 0 ]
        }
      },
      {
        "condition": "query.block_property('nicothekid:block_rotation') == 1",
        "components": {
          "minecraft:rotation": [ 0, 0, 0 ]
        }
      },
      {
        "condition": "query.block_property('nicothekid:block_rotation') == 2",
        "components": {
          "minecraft:rotation": [ 0, 0, 0 ]
        }
      },
      {
        "condition": "query.block_property('nicothekid:block_rotation') == 3",
        "components": {
          "minecraft:rotation": [ 0, 180, 0 ]
        }
      },
      {
        "condition": "query.block_property('nicothekid:block_rotation') == 4",
        "components": {
          "minecraft:rotation": [ 0, 90, 0 ]
        }
      },
      {
        "condition": "query.block_property('nicothekid:block_rotation') == 5",
        "components": {
          "minecraft:rotation": [ 0, 270, 0 ]
        }
      }
    ],
    "events": {
      "nicothekid:placing_rotation": {
				"set_block_property": {
					"nicothekid:block_rotation": "query.cardinal_facing_2d"
				}
			}
    }
  }
}
