{
  "format_version": "1.19.50",
  "minecraft:block": {
    "description": {
      "identifier": "nicothekid:polished_marble",
      "menu_category": {
				"category": "nature",
				"group": "itemGroup.name.stone"
			}
    },
    "components": {
      "minecraft:material_instances": {
        "*": {
          "texture": "nicothekid_polished_marble",
          "render_method": "opaque",
          "ambient_occlusion": true,
					"face_dimming": true
        }
      },
      "minecraft:unit_cube": {},
      "minecraft:map_color": "#E6E4DB",
      "minecraft:breathability": "solid",
      "minecraft:light_dampening": 15,
      "minecraft:light_emission": 0,
      "minecraft:friction": 0.4,
      "minecraft:flammable": false,
      "minecraft:destructible_by_explosion": {
        "explosion_resistance": 30.0
      },
      "minecraft:destructible_by_mining": {
        "seconds_to_destroy": 0.3
      },
      "minecraft:loot": "loot_tables/nicos_cave_expansion/blocks/nicothekid_polished_marble.json",
      
      "tag:polished_marble": {},
      "tag:custom_polished_stones": {},
      "tag:stone": {}
    },
    "events": {
      
    }
  }
}
