{
  "format_version": "1.19.50",
  "minecraft:block": {
    "description": {
      "identifier": "nicothekid:evaporator_copper_leather_scrap_1",
      "menu_category": {
				"category": "none",
				"group": "none"
			}
    },
    "components": {
      "minecraft:material_instances": {
        "*": {
          "texture": "nicothekid_evaporator_copper_leather_scrap_1",
          "render_method": "alpha_test"
        }
      },
      "minecraft:geometry": "geometry.block.nicothekid_evaporator",
      "minecraft:map_color": "#b78d5f",
      "minecraft:breathability": "air",
      "minecraft:collision_box": {
        "origin": [ -8, 0, -8 ],
        "size": [ 16, 10, 16 ]
      },
      "minecraft:selection_box": {
        "origin": [ -8, 0, -8 ],
        "size": [ 16, 10, 16 ]
      },
      "minecraft:light_dampening": 0,
      "minecraft:light_emission": 0,
      "minecraft:friction": 0.4,
      "minecraft:flammable": false,
      "minecraft:destructible_by_explosion": {
        "explosion_resistance": 25.0
      },
      "minecraft:destructible_by_mining": {
        "seconds_to_destroy": 0.6
      },
      "minecraft:loot": "loot_tables/nicos_item_expansion/blocks/nicothekid_evaporator_copper_leather_scrap_1.json",
      "minecraft:on_interact": {
        "event": "nicothekid:evaporator_copper_leather_scrap_1_interact"
      },
      
      "tag:evaporator_copper": {},
      "tag:stone": {},
      "tag:metal": {}
    },
    "events": {
      "nicothekid:evaporator_copper_leather_scrap_1_interact": {
				"sequence": [
					{
						"run_command": {
							"command": [
								"playsound cake.add_candle @a[r=10]"
							]
						}
					},
					{
						"spawn_loot": {
							"table": "loot_tables/nicos_item_expansion/event/nicothekid_leather_scrap_1.json"
						}
					},
					{
						"trigger": {
							"event": "nicothekid:evaporator_copper_leather_scrap_1_to_empty"
						}
					}
				]
			},
      "nicothekid:evaporator_copper_leather_scrap_1_to_empty": {
        "set_block": {
					"block_type": "nicothekid:evaporator_copper_empty"
				}
      }
    }
  }
}
