{
  "format_version": "1.19.50",
  "minecraft:block": {
    "description": {
      "identifier": "nicothekid:prismarine_ore",
      "menu_category": {
				"category": "nature",
				"group": "itemGroup.name.ore"
			}
    },
    "components": {
      "minecraft:material_instances": {
        "*": {
          "texture": "nicothekid_prismarine_ore",
          "render_method": "opaque",
          "ambient_occlusion": true,
					"face_dimming": true
        }
      },
      "minecraft:unit_cube": {},
      "minecraft:map_color": "#7CB3A4",
      "minecraft:breathability": "solid",
      "minecraft:light_dampening": 15,
      "minecraft:light_emission": 0,
      "minecraft:friction": 0.4,
      "minecraft:flammable": false,
      "minecraft:destructible_by_explosion": {
        "explosion_resistance": 15.0
      },
      "minecraft:destructible_by_mining": {
				"seconds_to_destroy": 0.5
			},
      "minecraft:loot": "loot_tables/nicos_cave_expansion/blocks/nicothekid_prismarine_ore_x_pickaxe.json",
      "minecraft:on_player_destroyed": {
        "event": "nicothekid:on_destroyed"
      },
      
      "tag:prismarine_ore": {},
      "tag:custom_ore": {},
      "tag:stone": {}
    },
    "events": {
      "nicothekid:on_destroyed": {
				"sequence": [
					{
						"run_command": {
							"command": [
								"summon xp_orb ~~~"
							]
						}
					}
				]
			}
    }
  }
}
