{
  "format_version": "1.19.50",
  "minecraft:block": {
    "description": {
      "identifier": "nicothekid:mossy_plant",
      "menu_category": {
				"category": "nature",
				"group": "itemGroup.name.sapling"
			}
    },
    "components": {
      "minecraft:material_instances": {
        "*": {
          "texture": "nicothekid_mossy_plant",
          "render_method": "alpha_test",
          "ambient_occlusion": true,
          "face_dimming": true
        }
      },
      "minecraft:geometry": "geometry.block.nicothekid_mossy_plant",
      "minecraft:map_color": "#70922D",
      "minecraft:breathability": "air",
      "minecraft:placement_filter": {
        "conditions": [
          {
            "block_filter": [
              {
                "tags": "query.any_tag('corrupted_dirt')"
              },
              {
                "tags": "query.any_tag('grassed_stones')"
              },
              {
                "tags": "query.any_tag('grassed_woods')"
              },
              {
                "tags": "query.any_tag('mossed_stones')"
              },
              {
                "tags": "query.any_tag('mossed_woods')"
              },
              {
                "tags": "query.any_tag('mossy_log')"
              },
              {
                "tags": "query.any_tag('mossy_log_stripped')"
              },
              {
                "tags": "query.any_tag('mossy_wood')"
              },
              {
                "tags": "query.any_tag('mossy_wood_stripped')"
              },
              {
                "tags": "query.any_tag('mossy_planks')"
              },
              "minecraft:dirt",
              "minecraft:dirt_with_roots",
              "minecraft:grass",
              "minecraft:moss_block",
              "minecraft:mossy_cobblestone",
              "minecraft:podzol"
            ],
            "allowed_faces": [
              "up"
            ]
          }
        ]
      },
      "minecraft:collision_box": {
        "origin": [ -8, 0, -8 ],
        "size": [ 16, 16, 16 ]
      },
      "minecraft:selection_box": {
        "origin": [ -8, 0, -8 ],
        "size": [ 16, 16, 16 ]
      },
      "minecraft:light_dampening": 0,
      "minecraft:light_emission": 0,
      "minecraft:friction": 0.4,
      "minecraft:flammable": {
        "catch_chance_modifier": 5,
        "destroy_chance_modifier": 20
      },
      "minecraft:destructible_by_explosion": true,
      "minecraft:destructible_by_mining": {
        "seconds_to_destroy": 0.10
      },
      "minecraft:loot": "loot_tables/mythical_biomes/blocks/nicothekid_mossy_plant.json",
      "minecraft:on_interact": {
        "event": "nicothekid:mossy_plant_interact"
      },
      
      "tag:mossy_plant": {},
      "tag:custom_plant": {},
      "tag:custom_sapling": {},
      "tag:plant": {}
    },
    "events": {
      "nicothekid:mossy_plant_interact": {
				"sequence": [
					{
						"condition": "query.get_equipped_item_name('main_hand') == 'bone_meal'",
						"trigger": {
							"event": "nicothekid:mossy_plant_interact_bone_meal",
							"target": "self"
						}
					}
				]
			},
      "nicothekid:mossy_plant_interact_bone_meal": {
				"sequence": [
					{
						"decrement_stack": {}
					},
					{
						"run_command": {
							"command": [
							  "playsound item.bone_meal.use @a[r=10]",
								"particle minecraft:crop_growth_emitter ~~~"
							]
						}
					},
					{
						"trigger": {
							"event": "nicothekid:mossy_plant_growth"
						}
					}
				]
			},
      "nicothekid:mossy_plant_growth": {
				"randomize": [
					{
						"weight": 20
					},
					{
						"weight": 10,
						"run_command": {
							"target": "self",
							"command": [
								"setblock ~~~ air",
								"structure load mossy_tree_01 ~-3 ~0 ~-2"
							]
						}
					},
					{
						"weight": 10,
						"run_command": {
							"target": "self",
							"command": [
								"setblock ~~~ air",
								"structure load mossy_tree_02 ~-2 ~-1 ~-2"
							]
						}
					},
					{
						"weight": 10,
						"run_command": {
							"target": "self",
							"command": [
								"setblock ~~~ air",
								"structure load mossy_tree_03 ~-3 ~-1 ~-3"
							]
						}
					},
					{
						"weight": 10,
						"run_command": {
							"target": "self",
							"command": [
								"setblock ~~~ air",
								"structure load mossy_tree_04 ~-3 ~-1 ~-3"
							]
						}
					}
				]
			}
    }
  }
}
