{
  "format_version": "1.19.50",
  "minecraft:block": {
    "description": {
      "identifier": "nicothekid:jellyfish_slime_block_pink",
      "menu_category": {
				"category": "construction"
			},
      "properties": {
        "nicothekid:jellyfish_slime_block_lighten": [
          0,
          1
        ]
      }
    },
    "components": {
      "minecraft:material_instances": {
        "*": {
          "texture": "nicothekid_jellyfish_slime_block_pink",
          "render_method": "blend",
          "ambient_occlusion": true,
					"face_dimming": true
        }
      },
      "minecraft:unit_cube": {},
      "minecraft:map_color": "#EE8DC8",
      "minecraft:breathability": "solid",
      "minecraft:light_dampening": 0,
      "minecraft:light_emission": 0,
      "minecraft:friction": 0.5,
      "minecraft:flammable": false,
      "minecraft:destructible_by_explosion": {
        "explosion_resistance": 30.0
      },
      "minecraft:destructible_by_mining": {
				"seconds_to_destroy": 0.1
			},
      "minecraft:loot": "loot_tables/nicos_mobs/blocks/nicothekid_jellyfish_slime_block_pink.json",
      "minecraft:on_step_on": {
        "event": "nicothekid:jellyfish_slime_block_step_on"
      },
      "minecraft:on_step_off": {
        "event": "nicothekid:jellyfish_slime_block_step_off"
      },
      
      "tag:jellyfish_slime_block_pink": {},
      "tag:custom_compacted": {},
      "tag:dirt": {}
    },
    "permutations": [
      {
        "condition": "query.block_property('nicothekid:jellyfish_slime_block_lighten') == 0",
        "components": {
          "minecraft:material_instances": {
            "*": {
              "texture": "nicothekid_jellyfish_slime_block_pink",
              "render_method": "blend",
              "ambient_occlusion": true,
              "face_dimming": true
            }
          },
          "minecraft:light_emission": 0
        }
      },
      {
        "condition": "query.block_property('nicothekid:jellyfish_slime_block_lighten') == 1",
        "components": {
          "minecraft:material_instances": {
            "*": {
              "texture": "nicothekid_jellyfish_slime_block_pink_lighten",
              "render_method": "blend",
              "ambient_occlusion": false,
              "face_dimming": false
            }
          },
          "minecraft:light_emission": 5
        }
      }
    ],
    "events": {
      "nicothekid:jellyfish_slime_block_step_on": {
        "set_block_property": {
					"nicothekid:jellyfish_slime_block_lighten": 1
				}
      },
      "nicothekid:jellyfish_slime_block_step_off": {
        "set_block_property": {
					"nicothekid:jellyfish_slime_block_lighten": 0
				}
      }
    }
  }
}
