{
  "format_version": "1.19.50",
  "minecraft:block": {
    "description": {
      "identifier": "nicothekid:overgrown_jungle_plant",
      "menu_category": {
				"category": "nature",
				"group": "itemGroup.name.sapling"
			},
			"properties": {
				"nicothekid:rotation": [
				  0,
				  1,
					2,
					3,
					4,
					5
				]
			}
    },
    "components": {
      "minecraft:material_instances": {
        "*": {
          "texture": "nicothekid_overgrown_jungle_plant",
          "render_method": "alpha_test",
          "ambient_occlusion": true,
          "face_dimming": true
        }
      },
      "minecraft:geometry": "geometry.block.nicothekid_overgrown_jungle_plant",
      "minecraft:map_color": "#70922D",
      "minecraft:breathability": "air",
      "minecraft:placement_filter": {
        "conditions": [
          {
            "block_filter": [
              {
                "tags": "query.any_tag('corrupted_dirt')"
              },
              {
                "tags": "query.any_tag('grassed_stones')"
              },
              {
                "tags": "query.any_tag('grassed_woods')"
              },
              {
                "tags": "query.any_tag('mossed_stones')"
              },
              {
                "tags": "query.any_tag('mossed_woods')"
              },
              "minecraft:dirt",
              "minecraft:dirt_with_roots",
              "minecraft:grass",
              "minecraft:moss_block",
              "minecraft:mossy_cobblestone",
              "minecraft:podzol"
            ],
            "allowed_faces": [
              "up"
            ]
          }
        ]
      },
      "minecraft:collision_box": {
        "origin": [ -8, 0, -8 ],
        "size": [ 16, 16, 16 ]
      },
      "minecraft:selection_box": {
        "origin": [ -8, 0, -8 ],
        "size": [ 16, 16, 16 ]
      },
      "minecraft:light_dampening": 0,
      "minecraft:light_emission": 0,
      "minecraft:friction": 0.4,
      "minecraft:flammable": {
        "catch_chance_modifier": 5,
        "destroy_chance_modifier": 20
      },
      "minecraft:destructible_by_explosion": true,
      "minecraft:destructible_by_mining": {
        "seconds_to_destroy": 0.10
      },
      "minecraft:loot": "loot_tables/mythical_biomes/blocks/nicothekid_overgrown_jungle_plant.json",
      "minecraft:on_interact": {
        "event": "nicothekid:overgrown_jungle_plant_interact"
      },
      "minecraft:on_player_placing": {
				"event": "nicothekid:place_rotation"
			},
      "minecraft:rotation": [ 0, 0, 0 ],
      
      "tag:overgrown_jungle_plant": {},
      "tag:custom_plant": {},
      "tag:custom_sapling": {},
      "tag:plant": {}
    },
    "permutations": [
      {
        "condition": "query.block_property('nicothekid:rotation') == 0",
        "components": {
          "minecraft:rotation": [ 0, 0, 0 ]
        }
      },
      {
        "condition": "query.block_property('nicothekid:rotation') == 1",
        "components": {
          "minecraft:rotation": [ 0, 0, 0 ]
        }
      },
      {
        "condition": "query.block_property('nicothekid:rotation') == 2",
        "components": {
          "minecraft:rotation": [ 0, 0, 0 ]
        }
      },
      {
        "condition": "query.block_property('nicothekid:rotation') == 3",
        "components": {
          "minecraft:rotation": [ 0, 180, 0 ]
        }
      },
      {
        "condition": "query.block_property('nicothekid:rotation') == 4",
        "components": {
          "minecraft:rotation": [ 0, 270, 0 ]
        }
      },
      {
        "condition": "query.block_property('nicothekid:rotation') == 5",
        "components": {
          "minecraft:rotation": [ 0, 90, 0 ]
        }
      }
    ],
    "events": {
      "nicothekid:place_rotation": {
				"set_block_property": {
					"nicothekid:rotation": "query.cardinal_facing_2d"
				}
			},
      "nicothekid:overgrown_jungle_plant_interact": {
				"sequence": [
					{
						"condition": "query.get_equipped_item_name('main_hand') == 'bone_meal'",
						"trigger": {
							"event": "nicothekid:overgrown_jungle_plant_interact_bone_meal",
							"target": "self"
						}
					}
				]
			},
      "nicothekid:overgrown_jungle_plant_interact_bone_meal": {
				"sequence": [
					{
						"decrement_stack": {}
					},
					{
						"run_command": {
							"command": [
							  "playsound item.bone_meal.use @a[r=10]",
								"particle minecraft:crop_growth_emitter ~~~"
							]
						}
					},
					{
						"trigger": {
							"event": "nicothekid:overgrown_jungle_plant_growth"
						}
					}
				]
			},
      "nicothekid:overgrown_jungle_plant_growth": {
				"randomize": [
					{
						"weight": 20
					},
					{
						"weight": 10,
						"run_command": {
							"target": "self",
							"command": [
								"setblock ~~~ air",
								"structure load overgrown_jungle_tree_01 ~-7 ~-2 ~-7"
							]
						}
					},
					{
						"weight": 10,
						"run_command": {
							"target": "self",
							"command": [
								"setblock ~~~ air",
								"structure load overgrown_jungle_tree_02 ~-5 ~-1 ~-5"
							]
						}
					}
				]
			}
    }
  }
}
