{
  "format_version": "1.19.50",
  "minecraft:block": {
    "description": {
      "identifier": "nicothekid:rose_quartz_pillar",
      "menu_category": {
				"category": "construction"
			},
			"properties": {
				"nicothekid:block_rotation": [
				  0,
				  1,
					2,
					3,
					4,
					5,
					6
				]
			}
    },
    "components": {
      "minecraft:material_instances": {
        "*": {
          "texture": "nicothekid_rose_quartz_pillar_side",
          "render_method": "opaque",
          "ambient_occlusion": true,
					"face_dimming": true
        },
        "up": {
          "texture": "nicothekid_rose_quartz_pillar_top",
          "render_method": "opaque",
          "ambient_occlusion": true,
          "face_dimming": true
        },
        "down": {
          "texture": "nicothekid_rose_quartz_pillar_top",
          "render_method": "opaque",
          "ambient_occlusion": true,
          "face_dimming": true
        }
      },
      "minecraft:unit_cube": {},
      "minecraft:map_color": "#F8EDF6",
      "minecraft:breathability": "solid",
      "minecraft:collision_box": {
        "origin": [ -8, 0, -8 ],
        "size": [ 16, 16, 16 ]
      },
      "minecraft:selection_box": {
        "origin": [ -8, 0, -8 ],
        "size": [ 16, 16, 16 ]
      },
      "minecraft:light_dampening": 15,
      "minecraft:light_emission": 0,
      "minecraft:friction": 0.4,
      "minecraft:flammable": false,
      "minecraft:destructible_by_explosion": {
        "explosion_resistance": 30.0
      },
      "minecraft:destructible_by_mining": {
        "seconds_to_destroy": 0.2
      },
      "minecraft:loot": "loot_tables/nicos_cave_expansion/blocks/nicothekid_rose_quartz_pillar.json",
      "minecraft:on_player_placing": {
				"event": "nicothekid:placing_rotation"
			},
      "minecraft:rotation": [ 0, 0, 0 ],
      
      "tag:rose_quartz_pillar": {},
      "tag:custom_pillar_block": {},
      "tag:stone": {}
    },
    "permutations": [
      {
        "condition": "query.block_property('nicothekid:block_rotation') == 0",
        "components": {
          "minecraft:rotation": [ 0, 0, 0 ]
        }
      },
      {
        "condition": "query.block_property('nicothekid:block_rotation') == 1",
        "components": {
          "minecraft:rotation": [ 180, 0, 0 ]
        }
      },
      {
        "condition": "query.block_property('nicothekid:block_rotation') == 2",
        "components": {
          "minecraft:rotation": [ 0, 0, 0 ]
        }
      },
      {
        "condition": "query.block_property('nicothekid:block_rotation') == 3",
        "components": {
          "minecraft:rotation": [ 270, 0, 0 ]
        }
      },
      {
        "condition": "query.block_property('nicothekid:block_rotation') == 4",
        "components": {
          "minecraft:rotation": [ 90, 0, 0 ]
        }
      },
      {
        "condition": "query.block_property('nicothekid:block_rotation') == 5",
        "components": {
          "minecraft:rotation": [ 0, 0, 90 ]
        }
      },
      {
        "condition": "query.block_property('nicothekid:block_rotation') == 6",
        "components": {
          "minecraft:rotation": [ 0, 0, 270 ]
        }
      }
    ],
    "events": {
      "nicothekid:placing_rotation": {
				"set_block_property": {
					"nicothekid:block_rotation": "query.cardinal_block_face_placed_on+1"
				}
			}
    }
  }
}
