{
  "format_version": "1.19.50",
  "minecraft:block": {
    "description": {
      "identifier": "nicothekid:structure_msa_a",
      "menu_category": {
				"category": "none",
				"group": "none"
			}
    },
    "components": {
      "minecraft:material_instances": {
        "*": {
          "texture": "nicothekid_structure_msa_a",
          "render_method": "blend",
          "ambient_occlusion": false,
					"face_dimming": false
        }
      },
      "minecraft:unit_cube": {},
      "minecraft:map_color": "#3e3e3e",
      "minecraft:breathability": "air",
      "minecraft:collision_box": false,
      "minecraft:selection_box": {
        "origin": [ -8, 0, -8 ],
        "size": [ 16, 16, 16 ]
      },
      "minecraft:light_dampening": 0,
      "minecraft:light_emission": 0,
      "minecraft:friction": 0.4,
      "minecraft:flammable": false,
      "minecraft:destructible_by_explosion": true,
      "minecraft:destructible_by_mining": {
        "seconds_to_destroy": 0.05
      },
      "minecraft:loot": "loot_tables/blocks/empty.json",
      "minecraft:random_ticking": {
				"on_tick": {
					"event": "structure:msa_a",
					"target": "self"
				}
      },
			
      "tag:structure_block_spawner": {}
    },
    "events": {
      "structure:msa_a": {
				"randomize": [
					{
						"weight": 35,
						"run_command": {
							"target": "self",
							"command": [
								"setblock ~~~ air"
							]
						}
					},
					{
						"weight": 10,
						"run_command": {
							"target": "self",
							"command": [
								"setblock ~~~ air",
								"structure load msa_way_a_01 ~0 ~-1 ~-2"
							]
						}
					},
					{
						"weight": 10,
						"run_command": {
							"target": "self",
							"command": [
								"setblock ~~~ air",
								"structure load msa_way_a_02 ~0 ~-1 ~-2"
							]
						}
					},
					{
						"weight": 10,
						"run_command": {
							"target": "self",
							"command": [
								"setblock ~~~ air",
								"structure load msa_way_a_03 ~0 ~-1 ~-2"
							]
						}
					},
					{
						"weight": 10,
						"run_command": {
							"target": "self",
							"command": [
								"setblock ~~~ air",
								"structure load msa_way_a_04 ~0 ~-1 ~-2"
							]
						}
					},
					{
						"weight": 10,
						"run_command": {
							"target": "self",
							"command": [
								"setblock ~~~ air",
								"structure load msa_way_a_05 ~0 ~-1 ~-2"
							]
						}
					},
					{
						"weight": 10,
						"run_command": {
							"target": "self",
							"command": [
								"setblock ~~~ air",
								"structure load msa_way_a_06 ~0 ~-1 ~-2"
							]
						}
					},
					{
						"weight": 10,
						"run_command": {
							"target": "self",
							"command": [
								"setblock ~~~ air",
								"structure load msa_way_a_07 ~0 ~-1 ~-2"
							]
						}
					},
					{
						"weight": 10,
						"run_command": {
							"target": "self",
							"command": [
								"setblock ~~~ air",
								"structure load msa_way_a_08 ~0 ~-1 ~-2"
							]
						}
					},
					{
						"weight": 10,
						"run_command": {
							"target": "self",
							"command": [
								"setblock ~~~ air",
								"structure load msa_way_a_09 ~0 ~-1 ~-2"
							]
						}
					},
					{
						"weight": 10,
						"run_command": {
							"target": "self",
							"command": [
								"setblock ~~~ air",
								"structure load msa_way_a_10 ~0 ~-1 ~-2"
							]
						}
					},
					{
						"weight": 10,
						"run_command": {
							"target": "self",
							"command": [
								"setblock ~~~ air",
								"structure load msa_way_a_11 ~0 ~-1 ~-2"
							]
						}
					},
					{
						"weight": 10,
						"run_command": {
							"target": "self",
							"command": [
								"setblock ~~~ air",
								"structure load msa_way_a_12 ~0 ~-1 ~-2"
							]
						}
					},
					{
						"weight": 7,
						"run_command": {
							"target": "self",
							"command": [
								"setblock ~~~ air",
								"structure load msa_room_a_00 ~0 ~-1 ~-5"
							]
						}
					},
					{
						"weight": 7,
						"run_command": {
							"target": "self",
							"command": [
								"setblock ~~~ air",
								"structure load msa_room_a_01 ~0 ~-1 ~-5"
							]
						}
					},
					{
						"weight": 7,
						"run_command": {
							"target": "self",
							"command": [
								"setblock ~~~ air",
								"structure load msa_room_a_02 ~0 ~-1 ~-5"
							]
						}
					},
					{
						"weight": 7,
						"run_command": {
							"target": "self",
							"command": [
								"setblock ~~~ air",
								"structure load msa_room_a_03 ~0 ~-1 ~-5"
							]
						}
					},
					{
						"weight": 7,
						"run_command": {
							"target": "self",
							"command": [
								"setblock ~~~ air",
								"structure load msa_room_a_04 ~0 ~-1 ~-5"
							]
						}
					},
					{
						"weight": 5,
						"run_command": {
							"target": "self",
							"command": [
								"setblock ~~~ air",
								"structure load msa_spid_a_01 ~0 ~-1 ~-5"
							]
						}
					},
					{
						"weight": 5,
						"run_command": {
							"target": "self",
							"command": [
								"setblock ~~~ air",
								"structure load msa_zomb_a_01 ~0 ~-1 ~-5"
							]
						}
					}
				]
			}
    }
  }
}
