{
  "format_version": "1.19.50",
  "minecraft:block": {
    "description": {
      "identifier": "nicothekid:copper_lamp_01",
      "menu_category": {
				"category": "items"
			}
    },
    "components": {
      "minecraft:material_instances": {
        "*": {
          "texture": "nicothekid_copper_lamp_01",
          "render_method": "opaque",
          "ambient_occlusion": true,
					"face_dimming": true
        }
      },
      "minecraft:unit_cube": {},
      "minecraft:map_color": "#ff8201",
      "minecraft:breathability": "solid",
      "minecraft:light_dampening": 15,
      "minecraft:light_emission": 15,
      "minecraft:friction": 0.4,
      "minecraft:flammable": false,
      "minecraft:destructible_by_explosion": {
        "explosion_resistance": 50.0
      },
      "minecraft:destructible_by_mining": {
        "seconds_to_destroy": 0.3
      },
      "minecraft:loot": "loot_tables/lamps_lanterns/blocks/nicothekid_copper_lamp_01.json",
      "minecraft:queued_ticking": {
        "looping": false,
        "interval_range": [
					20000,
					30000
				],
				"on_tick": {
					"event": "nicothekid:copper_lamp_01_to_02",
					"target": "self"
				}
      },
      
      "tag:copper_lamp": {},
      "tag:custom_lamp": {},
      "tag:stone": {},
      "tag:metal": {}
    },
    "events": {
      "nicothekid:copper_lamp_01_to_02": {
				"set_block": {
					"block_type": "nicothekid:copper_lamp_02"
				}
			}
    }
  }
}
