{
  "format_version": "1.19.50",
  "minecraft:block": {
    "description": {
      "identifier": "nicothekid:glow_lichen_carpet",
      "menu_category": {
				"category": "construction"
			}
    },
    "components": {
      "minecraft:material_instances": {
        "*": {
          "texture": "nicothekid_glow_lichen_carpet",
          "render_method": "opaque",
          "ambient_occlusion": false,
					"face_dimming": true
        }
      },
      "minecraft:geometry": "geometry.block.nicothekid_carpet",
      "minecraft:map_color": "#739285",
      "minecraft:breathability": "air",
      "minecraft:placement_filter": {
        "conditions": [
          {
            "allowed_faces": [
              "up",
              "down"
            ]
          }
        ]
      },
      "minecraft:collision_box": {
        "origin": [ -8, 0, -8 ],
        "size": [ 16, 1, 16 ]
      },
      "minecraft:selection_box": {
        "origin": [ -8, 0, -8 ],
        "size": [ 16, 1, 16 ]
      },
      "minecraft:light_dampening": 0,
      "minecraft:light_emission": 8,
      "minecraft:friction": 0.4,
      "minecraft:flammable": {
        "catch_chance_modifier": 5,
        "destroy_chance_modifier": 20
      },
      "minecraft:destructible_by_explosion": true,
      "minecraft:destructible_by_mining": {
        "seconds_to_destroy": 0.05
      },
      "minecraft:loot": "loot_tables/nicos_block_expansion/blocks/nicothekid_glow_lichen_carpet.json",
      
      "tag:glow_lichen_carpet": {},
      "tag:custom_carpet": {},
      "tag:plant": {}
    }
  }
}
