{
  "format_version": "1.19.50",
  "minecraft:block": {
    "description": {
      "identifier": "nicothekid:structure_mss_b",
      "menu_category": {
				"category": "none",
				"group": "none"
			}
    },
    "components": {
      "minecraft:material_instances": {
        "*": {
          "texture": "nicothekid_structure_mss_b",
          "render_method": "blend",
          "ambient_occlusion": false,
					"face_dimming": false
        }
      },
      "minecraft:unit_cube": {},
      "minecraft:map_color": "#3e3e3e",
      "minecraft:breathability": "air",
      "minecraft:collision_box": false,
      "minecraft:selection_box": {
        "origin": [ -8, 0, -8 ],
        "size": [ 16, 16, 16 ]
      },
      "minecraft:light_dampening": 0,
      "minecraft:light_emission": 0,
      "minecraft:friction": 0.4,
      "minecraft:flammable": false,
      "minecraft:destructible_by_explosion": true,
      "minecraft:destructible_by_mining": {
        "seconds_to_destroy": 0.05
      },
      "minecraft:loot": "loot_tables/blocks/empty.json",
      "minecraft:random_ticking": {
				"on_tick": {
					"event": "structure:mss_b",
					"target": "self"
				}
      },
			
      "tag:structure_block_spawner": {}
    },
    "events": {
      "structure:mss_b": {
				"randomize": [
					{
						"weight": 35,
						"run_command": {
							"target": "self",
							"command": [
								"setblock ~~~ air"
							]
						}
					},
					{
						"weight": 10,
						"run_command": {
							"target": "self",
							"command": [
								"setblock ~~~ air",
								"structure load mss_way_b_01 ~-1 ~-1 ~0"
							]
						}
					},
					{
						"weight": 10,
						"run_command": {
							"target": "self",
							"command": [
								"setblock ~~~ air",
								"structure load mss_way_b_02 ~-1 ~-1 ~0"
							]
						}
					},
					{
						"weight": 10,
						"run_command": {
							"target": "self",
							"command": [
								"setblock ~~~ air",
								"structure load mss_way_b_03 ~-1 ~-1 ~0"
							]
						}
					},
					{
						"weight": 10,
						"run_command": {
							"target": "self",
							"command": [
								"setblock ~~~ air",
								"structure load mss_way_b_04 ~-1 ~-1 ~0"
							]
						}
					},
					{
						"weight": 10,
						"run_command": {
							"target": "self",
							"command": [
								"setblock ~~~ air",
								"structure load mss_way_b_05 ~-1 ~-1 ~0"
							]
						}
					},
					{
						"weight": 10,
						"run_command": {
							"target": "self",
							"command": [
								"setblock ~~~ air",
								"structure load mss_way_b_06 ~-1 ~-1 ~0"
							]
						}
					},
					{
						"weight": 10,
						"run_command": {
							"target": "self",
							"command": [
								"setblock ~~~ air",
								"structure load mss_way_b_07 ~-1 ~-1 ~0"
							]
						}
					},
					{
						"weight": 10,
						"run_command": {
							"target": "self",
							"command": [
								"setblock ~~~ air",
								"structure load mss_way_b_08 ~-1 ~-1 ~0"
							]
						}
					},
					{
						"weight": 10,
						"run_command": {
							"target": "self",
							"command": [
								"setblock ~~~ air",
								"structure load mss_way_b_09 ~-1 ~-1 ~0"
							]
						}
					},
					{
						"weight": 10,
						"run_command": {
							"target": "self",
							"command": [
								"setblock ~~~ air",
								"structure load mss_way_b_10 ~-1 ~-1 ~0"
							]
						}
					},
					{
						"weight": 10,
						"run_command": {
							"target": "self",
							"command": [
								"setblock ~~~ air",
								"structure load mss_way_b_11 ~-1 ~-1 ~0"
							]
						}
					},
					{
						"weight": 10,
						"run_command": {
							"target": "self",
							"command": [
								"setblock ~~~ air",
								"structure load mss_way_b_12 ~-1 ~-1 ~0"
							]
						}
					},
					{
						"weight": 10,
						"run_command": {
							"target": "self",
							"command": [
								"setblock ~~~ air",
								"structure load mss_room_b_01 ~-4 ~-1 ~0"
							]
						}
					},
					{
						"weight": 10,
						"run_command": {
							"target": "self",
							"command": [
								"setblock ~~~ air",
								"structure load mss_room_b_02 ~-4 ~-1 ~0"
							]
						}
					},
					{
						"weight": 10,
						"run_command": {
							"target": "self",
							"command": [
								"setblock ~~~ air",
								"structure load mss_room_b_03 ~-4 ~-1 ~0"
							]
						}
					},
					{
						"weight": 10,
						"run_command": {
							"target": "self",
							"command": [
								"setblock ~~~ air",
								"structure load mss_room_b_04 ~-4 ~-1 ~0"
							]
						}
					},
					{
						"weight": 5,
						"run_command": {
							"target": "self",
							"command": [
								"setblock ~~~ air",
								"structure load mss_spid_b_01 ~-4 ~-1 ~0"
							]
						}
					},
					{
						"weight": 5,
						"run_command": {
							"target": "self",
							"command": [
								"setblock ~~~ air",
								"structure load mss_zomb_b_01 ~-4 ~-1 ~0"
							]
						}
					}
				]
			}
    }
  }
}
