{
  "format_version": "1.19.50",
  "minecraft:block": {
    "description": {
      "identifier": "nicothekid:block_jar_forest_wisp_uncharged",
      "menu_category": {
				"category": "none",
				"group": "none"
			},
			"properties": {
				"nicothekid:block_rotation": [
				  0,
				  1,
					2,
					3,
					4,
					5
				]
			}
    },
    "components": {
      "minecraft:material_instances": {
        "*": {
          "texture": "nicothekid_block_jar_forest_wisp_uncharged",
          "render_method": "blend",
          "ambient_occlusion": false,
          "face_dimming": true
        }
      },
      "minecraft:geometry": "geometry.block.nicothekid_jar_full",
      "minecraft:map_color": "#B5C03F",
      "minecraft:breathability": "air",
      "minecraft:placement_filter": {
        "conditions": [
          {
            "allowed_faces": [
              "up",
              "down"
            ]
          }
        ]
      },
      "minecraft:collision_box": {
        "origin": [ -5, 0, -5 ],
        "size": [ 10, 16, 10 ]
      },
      "minecraft:selection_box": {
        "origin": [ -5, 0, -5 ],
        "size": [ 10, 16, 10 ]
      },
      "minecraft:light_dampening": 0,
      "minecraft:light_emission": 0,
      "minecraft:friction": 0.4,
      "minecraft:flammable": {
        "catch_chance_modifier": 5,
        "destroy_chance_modifier": 20
      },
      "minecraft:destructible_by_explosion": true,
      "minecraft:destructible_by_mining": {
        "seconds_to_destroy": 0.05
      },
      "minecraft:loot": "loot_tables/forsaken_odyssey/blocks/nicothekid_block_jar_forest_wisp_uncharged.json",
      "minecraft:on_interact": {
        "event": "nicothekid:block_jar_forest_wisp_uncharged_interact"
      },
      "minecraft:on_player_placing": {
				"event": "nicothekid:placing_rotation"
			},
			"minecraft:queued_ticking": {
        "looping": false,
        "interval_range": [ 3000, 6000 ],
        "on_tick": {
          "event": "nicothekid:block_jar_forest_wisp_to_charged"
        }
      },
      "minecraft:rotation": [ 0, 0, 0 ],
      
      "tag:jar_of_forest_wisp_block": {},
      "tag:jar_block": {},
      "tag:glass": {}
    },
    "permutations": [
      {
        "condition": "query.block_property('nicothekid:block_rotation') == 0",
        "components": {
          "minecraft:rotation": [ 0, 0, 0 ]
        }
      },
      {
        "condition": "query.block_property('nicothekid:block_rotation') == 1",
        "components": {
          "minecraft:rotation": [ 0, 0, 0 ]
        }
      },
      {
        "condition": "query.block_property('nicothekid:block_rotation') == 2",
        "components": {
          "minecraft:rotation": [ 0, 180, 0 ]
        }
      },
      {
        "condition": "query.block_property('nicothekid:block_rotation') == 3",
        "components": {
          "minecraft:rotation": [ 0, 0, 0 ]
        }
      },
      {
        "condition": "query.block_property('nicothekid:block_rotation') == 4",
        "components": {
          "minecraft:rotation": [ 0, 270, 0 ]
        }
      },
      {
        "condition": "query.block_property('nicothekid:block_rotation') == 5",
        "components": {
          "minecraft:rotation": [ 0, 90, 0 ]
        }
      }
    ],
    "events": {
      "nicothekid:placing_rotation": {
				"set_block_property": {
					"nicothekid:block_rotation": "query.cardinal_facing_2d"
				}
			},
			"nicothekid:block_jar_forest_wisp_uncharged_interact": {
				"sequence": [
					{
						"condition": "query.get_equipped_item_name('main_hand') == 'stick'",
						"trigger": {
							"event": "nicothekid:block_jar_forest_wisp_interaction_deny",
							"target": "self"
						}
					}
				]
			},
			"nicothekid:block_jar_forest_wisp_interaction_deny": {
				"sequence": [
					{
						"run_command": {
							"command": [
								"playsound block.click.fail @a[r=10]"
							]
						}
					}
				]
			},
			"nicothekid:block_jar_forest_wisp_to_charged": {
        "set_block": {
					"block_type": "nicothekid:block_jar_forest_wisp_charged"
				}
      }
    }
  }
}
