{
  "format_version": "1.19.50",
  "minecraft:block": {
    "description": {
      "identifier": "nicothekid:mosshroom",
      "menu_category": {
				"category": "none",
				"group": "none"
			}
    },
    "components": {
      "minecraft:material_instances": {
        "*": {
          "texture": "nicothekid_mosshroom",
          "render_method": "alpha_test",
          "ambient_occlusion": false,
          "face_dimming": false
        }
      },
      "minecraft:geometry": "geometry.block.nicothekid_cross",
      "minecraft:map_color": "#70922D",
      "minecraft:breathability": "air",
      "minecraft:placement_filter": {
        "conditions": [
          {
            "block_filter": [
              {
                "tags": "query.any_tag('corrupted_dirt')"
              },
              {
                "tags": "query.any_tag('grassed_stones')"
              },
              {
                "tags": "query.any_tag('grassed_woods')"
              },
              {
                "tags": "query.any_tag('mossed_stones')"
              },
              {
                "tags": "query.any_tag('mossed_woods')"
              },
              {
                "tags": "query.any_tag('myceliumed_stones')"
              },
              {
                "tags": "query.any_tag('myceliumed_woods')"
              },
              {
                "tags": "query.any_tag('mosshroom_block')"
              },
              {
                "tags": "query.any_tag('mosshroom_hyphae')"
              },
              {
                "tags": "query.any_tag('mosshroom_hyphae_stripped')"
              },
              {
                "tags": "query.any_tag('mosshroom_light')"
              },
              {
                "tags": "query.any_tag('mosshroom_planks')"
              },
              {
                "tags": "query.any_tag('mosshroom_stem')"
              },
              {
                "tags": "query.any_tag('mosshroom_stem_stripped')"
              },
              {
                "tags": "query.any_tag('mossy_log')"
              },
              {
                "tags": "query.any_tag('mossy_log_stripped')"
              },
              {
                "tags": "query.any_tag('mossy_wood')"
              },
              {
                "tags": "query.any_tag('mossy_wood_stripped')"
              },
              "minecraft:dirt",
              "minecraft:dirt_with_roots",
              "minecraft:grass",
              "minecraft:moss_block",
              "minecraft:mossy_cobblestone",
              "minecraft:mycelium",
              "minecraft:podzol"
            ],
            "allowed_faces": [
              "up"
            ]
          }
        ]
      },
      "minecraft:collision_box": false,
      "minecraft:selection_box": {
        "origin": [ -8, 0, -8 ],
        "size": [ 14, 14, 14 ]
      },
      "minecraft:light_dampening": 0.0,
      "minecraft:light_emission": 8,
      "minecraft:friction": 0.4,
      "minecraft:flammable": {
        "catch_chance_modifier": 5,
        "destroy_chance_modifier": 20
      },
      "minecraft:destructible_by_explosion": true,
      "minecraft:destructible_by_mining": {
        "seconds_to_destroy": 0.10
      },
      "minecraft:loot": "loot_tables/nicos_cave_expansion/blocks/nicothekid_mosshroom.json",
      "minecraft:on_interact": {
        "event": "nicothekid:mosshroom_interact"
      },
      
      "tag:mosshroom": {},
      "tag:custom_fungus": {},
      "tag:custom_plant": {},
      "tag:plant": {}
    },
    "events": {
      "nicothekid:mosshroom_interact": {
				"sequence": [
					{
						"condition": "query.get_equipped_item_name('main_hand') == 'bone_meal'",
						"trigger": {
							"event": "nicothekid:mosshroom_interact_with_bone_meal",
							"target": "self"
						}
					}
				]
			},
      "nicothekid:mosshroom_interact_with_bone_meal": {
				"sequence": [
					{
						"decrement_stack": {}
					},
					{
						"run_command": {
							"command": [
							  "playsound item.bone_meal.use @a[r=10]",
								"particle minecraft:crop_growth_emitter ~~~"
							]
						}
					},
					{
						"trigger": {
							"event": "nicothekid:mosshroom_growth"
						}
					}
				]
			},
      "nicothekid:mosshroom_growth": {
				"randomize": [
					{
						"weight": 100
					},
					{
						"weight": 25,
						"run_command": {
							"target": "self",
							"command": [
								"setblock ~~~ air",
								"structure load huge_mosshroom_01 ~-2 ~0 ~-2"
							]
						}
					},
					{
						"weight": 25,
						"run_command": {
							"target": "self",
							"command": [
								"setblock ~~~ air",
								"structure load huge_mosshroom_02 ~-2 ~0 ~-2"
							]
						}
					},
					{
						"weight": 25,
						"run_command": {
							"target": "self",
							"command": [
								"setblock ~~~ air",
								"structure load huge_mosshroom_03 ~-2 ~0 ~-2"
							]
						}
					},
					{
						"weight": 25,
						"run_command": {
							"target": "self",
							"command": [
								"setblock ~~~ air",
								"structure load huge_mosshroom_04 ~-2 ~0 ~-2"
							]
						}
					},
					{
						"weight": 25,
						"run_command": {
							"target": "self",
							"command": [
								"setblock ~~~ air",
								"structure load huge_mosshroom_05 ~-2 ~0 ~-2"
							]
						}
					},
					{
						"weight": 25,
						"run_command": {
							"target": "self",
							"command": [
								"setblock ~~~ air",
								"structure load huge_mosshroom_06 ~-2 ~0 ~-2"
							]
						}
					}
				]
			}
    }
  }
}
