{
  "format_version": "1.19.50",
  "minecraft:block": {
    "description": {
      "identifier": "nicothekid:mossy_planks",
      "menu_category": {
				"category": "construction",
				"group": "itemGroup.name.planks"
			}
    },
    "components": {
      "minecraft:material_instances": {
        "*": {
          "texture": "nicothekid_mossy_planks",
          "render_method": "opaque",
          "ambient_occlusion": true,
					"face_dimming": true
        }
      },
      "minecraft:unit_cube": {},
      "minecraft:map_color": "#70922D",
      "minecraft:breathability": "solid",
      "minecraft:light_dampening": 15,
      "minecraft:light_emission": 0,
      "minecraft:friction": 0.4,
      "minecraft:flammable": {
        "catch_chance_modifier": 5,
        "destroy_chance_modifier": 20
      },
      "minecraft:destructible_by_explosion": true,
      "minecraft:destructible_by_mining": {
        "seconds_to_destroy": 0.2
      },
      "minecraft:loot": "loot_tables/mythical_biomes/blocks/nicothekid_mossy_planks.json",
      
      "tag:mossy_planks": {},
      "tag:custom_planks": {},
      "tag:wood": {}
    }
  }
}
