{
  "format_version": "1.19.50",
  "minecraft:block": {
    "description": {
      "identifier": "nicothekid:structure_mso_g_d",
      "menu_category": {
				"category": "none",
				"group": "none"
			}
    },
    "components": {
      "minecraft:material_instances": {
        "*": {
          "texture": "nicothekid_structure_mso_g_d",
          "render_method": "blend",
          "ambient_occlusion": false,
					"face_dimming": false
        }
      },
      "minecraft:unit_cube": {},
      "minecraft:map_color": "#3e3e3e",
      "minecraft:breathability": "air",
      "minecraft:collision_box": false,
      "minecraft:selection_box": {
        "origin": [ -8, 0, -8 ],
        "size": [ 16, 16, 16 ]
      },
      "minecraft:light_dampening": 0,
      "minecraft:light_emission": 0,
      "minecraft:friction": 0.4,
      "minecraft:flammable": false,
      "minecraft:destructible_by_explosion": true,
      "minecraft:destructible_by_mining": {
        "seconds_to_destroy": 0.05
      },
      "minecraft:loot": "loot_tables/blocks/empty.json",
      "minecraft:random_ticking": {
				"on_tick": {
					"event": "structure:mso_g_d",
					"target": "self"
				}
      },
			
      "tag:structure_block_spawner": {}
    },
    "events": {
      "structure:mso_g_d": {
				"randomize": [
					{
						"weight": 25,
						"run_command": {
							"target": "self",
							"command": [
								"setblock ~~~ air"
							]
						}
					},
					{
						"weight": 10,
						"run_command": {
							"target": "self",
							"command": [
								"setblock ~~~ air",
								"structure load mso_way_d_g01 ~-1 ~-1 ~-7"
							]
						}
					},
					{
						"weight": 10,
						"run_command": {
							"target": "self",
							"command": [
								"setblock ~~~ air",
								"structure load mso_way_d_g02 ~-1 ~-1 ~-7"
							]
						}
					},
					{
						"weight": 10,
						"run_command": {
							"target": "self",
							"command": [
								"setblock ~~~ air",
								"structure load mso_way_d_g03 ~-1 ~-1 ~-7"
							]
						}
					},
					{
						"weight": 10,
						"run_command": {
							"target": "self",
							"command": [
								"setblock ~~~ air",
								"structure load mso_way_d_g04 ~-1 ~-1 ~-7"
							]
						}
					},
					{
						"weight": 5,
						"run_command": {
							"target": "self",
							"command": [
								"setblock ~~~ air",
								"structure load mso_room_d_g01 ~-5 ~-1 ~-11"
							]
						}
					},
					{
						"weight": 5,
						"run_command": {
							"target": "self",
							"command": [
								"setblock ~~~ air",
								"structure load mso_room_d_g02 ~-5 ~-1 ~-11"
							]
						}
					},
					{
						"weight": 2,
						"run_command": {
							"target": "self",
							"command": [
								"setblock ~~~ air",
								"structure load mso_spid_d_g01 ~-5 ~-1 ~-11"
							]
						}
					},
					{
						"weight": 2,
						"run_command": {
							"target": "self",
							"command": [
								"setblock ~~~ air",
								"structure load mso_zomb_d_g01 ~-5 ~-1 ~-11"
							]
						}
					}
				]
			}
    }
  }
}
