{
  "format_version": "1.19.50",
  "minecraft:block": {
    "description": {
      "identifier": "nicothekid:wild_potato",
      "menu_category": {
				"category": "none",
				"group": "none"
			}
    },
    "components": {
      "minecraft:material_instances": {
        "*": {
          "texture": "nicothekid_wild_potato",
          "render_method": "alpha_test",
          "ambient_occlusion": false,
          "face_dimming": true
        }
      },
      "minecraft:geometry": "geometry.block.nicothekid_crop",
      "minecraft:map_color": "#C8A24B",
      "minecraft:breathability": "air",
      "minecraft:placement_filter": {
        "conditions": [
          {
            "block_filter": [
              "minecraft:grass"
            ],
            "allowed_faces": [
              "up"
            ]
          }
        ]
      },
      "minecraft:collision_box": false,
      "minecraft:selection_box": {
        "origin": [ -8, 0, -8 ],
        "size": [ 16, 16, 16 ]
      },
      "minecraft:light_dampening": 0,
      "minecraft:light_emission": 0,
      "minecraft:friction": 0.4,
      "minecraft:flammable": {
        "catch_chance_modifier": 5,
        "destroy_chance_modifier": 20
      },
      "minecraft:destructible_by_explosion": true,
      "minecraft:destructible_by_mining": {
        "seconds_to_destroy": 0.05
      },
      "minecraft:loot": "loot_tables/forsaken_odyssey/blocks/nicothekid_wild_potato.json",
      
      "tag:wild_crop": {},
      "tag:custom_crops": {},
      "tag:custom_plant": {},
      "tag:plant": {}
    },
    "events": {
    }
  }
}
