{
  "format_version": "1.19.50",
  "minecraft:block": {
    "description": {
      "identifier": "nicothekid:grafting_table_active",
      "menu_category": {
				"category": "none",
				"group": "none"
			}
    },
    "components": {
      "minecraft:material_instances": {
        "*": {
          "texture": "nicothekid_grafting_table_active",
          "render_method": "alpha_test",
          "ambient_occlusion": true,
					"face_dimming": true
        }
      },
      "minecraft:geometry": "geometry.block.nicothekid_cube",
      "minecraft:map_color": "#568627",
      "minecraft:breathability": "solid",
      "minecraft:collision_box": {
        "origin": [ -8, 0, -8 ],
        "size": [ 16, 16, 16 ]
      },
      "minecraft:selection_box": {
        "origin": [ -8, 0, -8 ],
        "size": [ 16, 16, 16 ]
      },
      "minecraft:crafting_table": {
				"table_name": "Grafting Table",
				"crafting_tags": [
					"grafting_table"
				]
			},
      "minecraft:light_dampening": 15,
      "minecraft:light_emission": 8,
      "minecraft:friction": 0.4,
      "minecraft:flammable": false,
      "minecraft:destructible_by_explosion": false,
      "minecraft:destructible_by_mining": {
        "seconds_to_destroy": 0.5
      },
      "minecraft:loot": "loot_tables/nicos_block_expansion/blocks/nicothekid_grafting_table_inactive.json",
      "minecraft:queued_ticking": {
        "looping": false,
        "interval_range": [ 5000, 7500 ],
        "on_tick": {
          "event": "nicothekid:grafting_table_active_to_inactive",
          "target": "self"
        }
      },
      
      "tag:grafting_table": {},
      "tag:stone": {},
      "tag:wood": {}
    },
    "events": {
      "nicothekid:grafting_table_active_to_inactive": {
        "set_block": {
					"block_type": "nicothekid:grafting_table_inactive"
				},
				"run_command": {
					"command": [
						"playsound dig.moss @a[r=10]"
					]
				}
      }
    }
  }
}
