{
  "format_version": "1.19.50",
  "minecraft:block": {
    "description": {
      "identifier": "nicothekid:structure_mineshaft_oak",
      "menu_category": {
				"category": "none",
				"group": "none"
			}
    },
    "components": {
      "minecraft:material_instances": {
        "*": {
          "texture": "nicothekid_structure_mineshaft_oak",
          "render_method": "blend",
          "ambient_occlusion": false,
					"face_dimming": false
        }
      },
      "minecraft:unit_cube": {},
      "minecraft:map_color": "#3e3e3e",
      "minecraft:breathability": "air",
      "minecraft:collision_box": false,
      "minecraft:selection_box": {
        "origin": [ -8, 0, -8 ],
        "size": [ 16, 16, 16 ]
      },
      "minecraft:light_dampening": 0,
      "minecraft:light_emission": 0,
      "minecraft:friction": 0.4,
      "minecraft:flammable": false,
      "minecraft:destructible_by_explosion": true,
      "minecraft:destructible_by_mining": {
        "seconds_to_destroy": 0.05
      },
      "minecraft:loot": "loot_tables/blocks/empty.json",
      "minecraft:random_ticking": {
				"on_tick": {
					"event": "structure:mineshaft_oak",
					"target": "self"
				}
      },
      "tag:structure_block_spawner": {}
    },
    "events": {
      "structure:mineshaft_oak": {
				"randomize": [
					{
						"weight": 100,
						"run_command": {
							"target": "self",
							"command": [
								"setblock ~~~ air",
								"structure load mineshaft_oak_01 ~-11 ~-1 ~-11"
							]
						}
					},
					{
						"weight": 100,
						"run_command": {
							"target": "self",
							"command": [
								"setblock ~~~ air",
								"structure load mineshaft_oak_01 ~-11 ~-1 ~-11"
							]
						}
					}
				]
			}
    }
  }
}
