{
  "format_version": "1.19.50",
  "minecraft:block": {
    "description": {
      "identifier": "nicothekid:grassed_stripped_dark_oak_log_side",
      "menu_category": {
				"category": "nature",
				"group": "itemGroup.name.log"
			},
      "properties": {
				"nicothekid:block_rotation": [
				  0,
				  1,
					2,
					3,
					4,
					5
				]
			}
    },
    "components": {
      "minecraft:material_instances": {
        "*": {
          "texture": "nicothekid_grassed_stripped_dark_oak_log_side",
          "render_method": "alpha_test",
          "ambient_occlusion": true,
					"face_dimming": true
        }
      },
      "minecraft:geometry": "geometry.block.nicothekid_cube",
      "minecraft:map_color": "#50792B",
      "minecraft:breathability": "solid",
      "minecraft:light_dampening": 15,
      "minecraft:light_emission": 0,
      "minecraft:friction": 0.4,
      "minecraft:flammable": {
        "catch_chance_modifier": 5,
        "destroy_chance_modifier": 20
      },
      "minecraft:destructible_by_explosion": true,
      "minecraft:destructible_by_mining": {
        "seconds_to_destroy": 0.5
      },
      "minecraft:loot": "loot_tables/nicos_block_expansion/blocks/nicothekid_grassed_stripped_dark_oak_log_side.json",
      "minecraft:on_interact": {
        "event": "nicothekid:grassed_stripped_dark_oak_log_side_interact",
				"condition": "query.equipped_item_any_tag('slot.weapon.mainhand', 'minecraft:is_hoe')"
      },
      "minecraft:on_player_placing": {
				"event": "nicothekid:placing_rotation"
			},
      "minecraft:rotation": [ 0, 0, 0 ],
      
      "tag:grassed_woods": {},
      "tag:grassed_stripped_log": {},
      "tag:wood": {}
    },
    "permutations": [
      {
        "condition": "query.block_property('nicothekid:block_rotation') == 0",
        "components": {
          "minecraft:rotation": [ 0, 0, 0 ]
        }
      },
      {
        "condition": "query.block_property('nicothekid:block_rotation') == 1",
        "components": {
          "minecraft:rotation": [ 0, 0, 0 ]
        }
      },
      {
        "condition": "query.block_property('nicothekid:block_rotation') == 2",
        "components": {
          "minecraft:rotation": [ 0, 0, 0 ]
        }
      },
      {
        "condition": "query.block_property('nicothekid:block_rotation') == 3",
        "components": {
          "minecraft:rotation": [ 0, 180, 0 ]
        }
      },
      {
        "condition": "query.block_property('nicothekid:block_rotation') == 4",
        "components": {
          "minecraft:rotation": [ 0, 270, 0 ]
        }
      },
      {
        "condition": "query.block_property('nicothekid:block_rotation') == 5",
        "components": {
          "minecraft:rotation": [ 0, 90, 0 ]
        }
      }
    ],
    "events": {
      "nicothekid:grassed_stripped_dark_oak_log_side_interact": {
				"sequence": [
					{
						"condition": "query.equipped_item_any_tag('slot.weapon.mainhand', 'minecraft:is_hoe')",
						"trigger": {
							"event": "nicothekid:grassed_stripped_dark_oak_log_side_interact_hoe",
							"target": "self"
						}
					}
				]
			},
			"nicothekid:grassed_stripped_dark_oak_log_side_interact_hoe": {
				"sequence": [
					{
						"set_block": {
						  "block_type": "minecraft:stripped_dark_oak_log"
						}
					},
					{
						"run_command": {
							"command": [
							  "playsound use.gravel @a[r=8]"
							]
						}
					},
					{
						"spawn_loot": {
							"table": "loot_tables/nicos_block_expansion/event/nicothekid_grassed_woods.json"
						}
					}
				]
			},
			"nicothekid:placing_rotation": {
				"set_block_property": {
					"nicothekid:block_rotation": "query.cardinal_facing_2d"
				}
			}
    }
  }
}
