{
  "format_version": "1.19.50",
  "minecraft:block": {
    "description": {
      "identifier": "nicothekid:corrupted_dirt",
      "menu_category": {
				"category": "nature"
			}
    },
    "components": {
      "minecraft:material_instances": {
        "*": {
          "texture": "nicothekid_corrupted_dirt",
          "render_method": "opaque",
          "ambient_occlusion": true,
					"face_dimming": true
        }
      },
      "minecraft:unit_cube": {},
      "minecraft:map_color": "#4F463E",
      "minecraft:breathability": "solid",
      "minecraft:light_dampening": 15,
      "minecraft:light_emission": 0,
      "minecraft:friction": 0.4,
      "minecraft:flammable": {
        "catch_chance_modifier": 5,
        "destroy_chance_modifier": 20
      },
      "minecraft:destructible_by_explosion": {
        "explosion_resistance": 10.0
      },
      "minecraft:destructible_by_mining": {
        "seconds_to_destroy": 0.2
      },
      "minecraft:loot": "loot_tables/mythical_biomes/blocks/nicothekid_corrupted_dirt.json",
      
      "tag:corrupted_dirt": {},
      "tag:custom_dirt": {},
      "tag:dirt": {}
    }
  }
}
