{
  "format_version": "1.19.50",
  "minecraft:block": {
    "description": {
      "identifier": "nicothekid:evaporator_copper_packed_ice",
      "menu_category": {
				"category": "none",
				"group": "none"
			}
    },
    "components": {
      "minecraft:material_instances": {
        "*": {
          "texture": "nicothekid_evaporator_copper_packed_ice",
          "render_method": "alpha_test"
        }
      },
      "minecraft:geometry": "geometry.block.nicothekid_evaporator",
      "minecraft:map_color": "#b78d5f",
      "minecraft:breathability": "air",
      "minecraft:collision_box": {
        "origin": [ -8, 0, -8 ],
        "size": [ 16, 10, 16 ]
      },
      "minecraft:selection_box": {
        "origin": [ -8, 0, -8 ],
        "size": [ 16, 10, 16 ]
      },
      "minecraft:light_dampening": 0,
      "minecraft:light_emission": 0,
      "minecraft:friction": 0.4,
      "minecraft:flammable": false,
      "minecraft:destructible_by_explosion": {
        "explosion_resistance": 25.0
      },
      "minecraft:destructible_by_mining": {
        "seconds_to_destroy": 0.6
      },
      "minecraft:loot": "loot_tables/nicos_item_expansion/blocks/nicothekid_evaporator_copper_packed_ice.json",
      "minecraft:on_interact": {
        "event": "nicothekid:evaporator_copper_packed_ice_interact"
      },
      "minecraft:queued_ticking": {
        "looping": false,
        "interval_range": [ 2000, 2000 ],
        "on_tick": {
          "event": "nicothekid:evaporator_copper_packed_ice_to_ice",
          "target": "self"
        }
      },
      
      "tag:evaporator_copper": {},
      "tag:stone": {},
      "tag:metal": {}
    },
    "events": {
      "nicothekid:evaporator_copper_packed_ice_interact": {
				"sequence": [
					{
						"condition": "query.get_equipped_item_name('main_hand') != 'packed_ice' &&! q.is_sneaking",
						"trigger": {
							"event": "nicothekid:evaporator_copper_packed_ice_interact_none",
							"target": "self"
						}
					},
					{
						"condition": "query.get_equipped_item_name('main_hand') == 'packed_ice'",
						"trigger": {
							"event": "nicothekid:evaporator_copper_packed_ice_interact_packed_ice",
							"target": "self"
						}
					}
				]
			},
      "nicothekid:evaporator_copper_packed_ice_interact_none": {
				"sequence": [
					{
						"run_command": {
							"command": [
								"playsound use.stone @a[r=10]"
							]
						}
					},
					{
						"spawn_loot": {
							"table": "loot_tables/nicos_item_expansion/event/nicothekid_packed_ice.json"
						}
					},
					{
						"trigger": {
							"event": "nicothekid:evaporator_copper_packed_ice_to_empty"
						}
					}
				]
			},
      "nicothekid:evaporator_copper_packed_ice_interact_packed_ice": {
				"sequence": [
					{
						"run_command": {
							"command": [
								"playsound block.click.fail @a[r=10]"
							]
						}
					}
				]
			},
			"nicothekid:evaporator_copper_packed_ice_to_empty": {
        "set_block": {
					"block_type": "nicothekid:evaporator_copper_empty"
				}
      },
      "nicothekid:evaporator_copper_packed_ice_to_ice": {
        "set_block": {
					"block_type": "nicothekid:evaporator_copper_ice"
				}
      }
    }
  }
}
