{
  "format_version": "1.19.50",
  "minecraft:block": {
    "description": {
      "identifier": "nicothekid:evaporator_copper_empty",
      "menu_category": {
				"category": "items"
			}
    },
    "components": {
      "minecraft:material_instances": {
        "*": {
          "texture": "nicothekid_evaporator_copper_empty",
          "render_method": "alpha_test"
        }
      },
      "minecraft:geometry": "geometry.block.nicothekid_evaporator",
      "minecraft:map_color": "#b78d5f",
      "minecraft:breathability": "air",
      "minecraft:collision_box": {
        "origin": [ -8, 0, -8 ],
        "size": [ 16, 10, 16 ]
      },
      "minecraft:selection_box": {
        "origin": [ -8, 0, -8 ],
        "size": [ 16, 10, 16 ]
      },
      "minecraft:light_dampening": 0,
      "minecraft:light_emission": 0,
      "minecraft:friction": 0.4,
      "minecraft:flammable": false,
      "minecraft:destructible_by_explosion": {
        "explosion_resistance": 25.0
      },
      "minecraft:destructible_by_mining": {
        "seconds_to_destroy": 0.6
      },
      "minecraft:loot": "loot_tables/nicos_item_expansion/blocks/nicothekid_evaporator_copper_empty.json",
      "minecraft:on_interact": {
        "event": "nicothekid:evaporator_copper_empty_interact"
      },
      
      "tag:evaporator_copper": {},
      "tag:stone": {},
      "tag:metal": {}
    },
    "events": {
      "nicothekid:evaporator_copper_empty_interact": {
				"sequence": [
					{
						"condition": "query.get_equipped_item_name('main_hand') == 'blue_ice'",
						"trigger": {
							"event": "nicothekid:evaporator_copper_empty_interact_blue_ice",
							"target": "self"
						}
					},
					{
						"condition": "query.get_equipped_item_name('main_hand') == 'ice'",
						"trigger": {
							"event": "nicothekid:evaporator_copper_empty_interact_ice",
							"target": "self"
						}
					},
					{
						"condition": "query.get_equipped_item_name('main_hand') == 'lava_bucket'",
						"trigger": {
							"event": "nicothekid:evaporator_copper_empty_interact_lava_bucket",
							"target": "self"
						}
					},
					{
						"condition": "query.get_equipped_item_name('main_hand') == 'milk_bucket'",
						"trigger": {
							"event": "nicothekid:evaporator_copper_empty_interact_milk_bucket",
							"target": "self"
						}
					},
					{
						"condition": "query.get_equipped_item_name('main_hand') == 'packed_ice'",
						"trigger": {
							"event": "nicothekid:evaporator_copper_empty_interact_packed_ice",
							"target": "self"
						}
					},
					{
						"condition": "query.get_equipped_item_name('main_hand') == 'rotten_flesh'",
						"trigger": {
							"event": "nicothekid:evaporator_copper_empty_interact_rotten_flesh",
							"target": "self"
						}
					},
					{
						"condition": "query.get_equipped_item_name('main_hand') == 'snow'",
						"trigger": {
							"event": "nicothekid:evaporator_copper_empty_interact_snow",
							"target": "self"
						}
					},
					{
						"condition": "query.get_equipped_item_name('main_hand') == 'water_bucket'",
						"trigger": {
							"event": "nicothekid:evaporator_copper_empty_interact_water_bucket",
							"target": "self"
						}
					}
				]
			},
			"nicothekid:evaporator_copper_empty_interact_blue_ice": {
				"sequence": [
				  {
						"decrement_stack": {}
					},
					{
						"run_command": {
							"command": [
								"playsound dig.stone @a[r=10]"
							]
						}
					},
					{
						"trigger": {
							"event": "nicothekid:evaporator_copper_empty_to_blue_ice"
						}
					}
				]
			},
			"nicothekid:evaporator_copper_empty_interact_ice": {
				"sequence": [
				  {
						"decrement_stack": {}
					},
					{
						"run_command": {
							"command": [
								"playsound dig.stone @a[r=10]"
							]
						}
					},
					{
						"trigger": {
							"event": "nicothekid:evaporator_copper_empty_to_ice"
						}
					}
				]
			},
			"nicothekid:evaporator_copper_empty_interact_lava_bucket": {
				"sequence": [
				  {
						"decrement_stack": {}
					},
					{
						"run_command": {
							"command": [
							  "give @p minecraft:bucket 1",
								"playsound bucket.fill_water @a[r=10]"
							]
						}
					},
					{
						"trigger": {
							"event": "nicothekid:evaporator_copper_empty_to_lava"
						}
					}
				]
			},
			"nicothekid:evaporator_copper_empty_interact_milk_bucket": {
				"sequence": [
					{
						"decrement_stack": {}
					},
					{
						"run_command": {
							"command": [
							  "give @p minecraft:bucket 1",
								"playsound bucket.fill_water @a[r=10]"
							]
						}
					},
					{
						"trigger": {
							"event": "nicothekid:evaporator_copper_empty_to_milk"
						}
					}
				]
			},
			"nicothekid:evaporator_copper_empty_interact_packed_ice": {
				"sequence": [
				  {
						"decrement_stack": {}
					},
					{
						"run_command": {
							"command": [
								"playsound dig.stone @a[r=10]"
							]
						}
					},
					{
						"trigger": {
							"event": "nicothekid:evaporator_copper_empty_to_packed_ice"
						}
					}
				]
			},
			"nicothekid:evaporator_copper_empty_interact_rotten_flesh": {
				"sequence": [
					{
						"run_command": {
							"command": [
								"playsound cake.add_candle @a[r=10]"
							]
						}
					},
					{
						"decrement_stack": {}
					},
					{
						"trigger": {
							"event": "nicothekid:evaporator_copper_empty_to_rotten_flesh"
						}
					}
				]
			},
			"nicothekid:evaporator_copper_empty_interact_snow": {
				"sequence": [
					{
						"run_command": {
							"command": [
								"playsound use.snow @a[r=10]"
							]
						}
					},
					{
						"decrement_stack": {}
					},
					{
						"trigger": {
							"event": "nicothekid:evaporator_copper_empty_to_snow"
						}
					}
				]
			},
      "nicothekid:evaporator_copper_empty_interact_water_bucket": {
				"sequence": [
					{
						"decrement_stack": {}
					},
					{
						"run_command": {
							"command": [
							  "give @p minecraft:bucket 1",
								"playsound bucket.fill_water @a[r=10]"
							]
						}
					},
					{
						"trigger": {
							"event": "nicothekid:evaporator_copper_empty_to_water"
						}
					}
				]
			},
			"nicothekid:evaporator_copper_empty_to_blue_ice": {
        "set_block": {
					"block_type": "nicothekid:evaporator_copper_blue_ice"
				}
      },
			"nicothekid:evaporator_copper_empty_to_ice": {
        "set_block": {
					"block_type": "nicothekid:evaporator_copper_ice"
				}
      },
      "nicothekid:evaporator_copper_empty_to_lava": {
        "set_block": {
					"block_type": "nicothekid:evaporator_copper_lava"
				}
      },
      "nicothekid:evaporator_copper_empty_to_milk": {
        "set_block": {
					"block_type": "nicothekid:evaporator_copper_milk"
				}
      },
      "nicothekid:evaporator_copper_empty_to_packed_ice": {
        "set_block": {
					"block_type": "nicothekid:evaporator_copper_packed_ice"
				}
      },
      "nicothekid:evaporator_copper_empty_to_rotten_flesh": {
        "set_block": {
					"block_type": "nicothekid:evaporator_copper_rotten_flesh_1"
				}
      },
      "nicothekid:evaporator_copper_empty_to_snow": {
        "set_block": {
					"block_type": "nicothekid:evaporator_copper_snow"
				}
      },
      "nicothekid:evaporator_copper_empty_to_water": {
        "set_block": {
					"block_type": "nicothekid:evaporator_copper_water"
				}
      }
    }
  }
}
