{
  "format_version": "1.19.50",
  "minecraft:block": {
    "description": {
      "identifier": "nicothekid:corrupted_log_stripped",
      "menu_category": {
				"category": "nature",
				"group": "itemGroup.name.log"
			},
			"properties": {
				"nicothekid:rotation": [
					0,
					1,
					2
				],
				"nicothekid:corrupted_log_back": [
				  0,
				  1
				]
			}
    },
    "components": {
      "minecraft:material_instances": {
        "*": {
          "texture": "nicothekid_corrupted_log_stripped_side",
          "render_method": "opaque",
          "ambient_occlusion": true,
          "face_dimming": true
        },
        "up": {
          "texture": "nicothekid_corrupted_log_stripped_up",
          "render_method": "opaque",
          "ambient_occlusion": true,
          "face_dimming": true
        },
        "down": {
          "texture": "nicothekid_corrupted_log_stripped_up",
          "render_method": "opaque",
          "ambient_occlusion": true,
          "face_dimming": true
        }
      },
      "minecraft:map_color": "#4F463E",
      "minecraft:breathability": "solid",
      "minecraft:unit_cube": {},
      "minecraft:light_dampening": 15,
      "minecraft:light_emission": 0,
      "minecraft:friction": 0.4,
      "minecraft:flammable": {
        "catch_chance_modifier": 5,
        "destroy_chance_modifier": 20
      },
      "minecraft:destructible_by_explosion": true,
      "minecraft:destructible_by_mining": {
        "seconds_to_destroy": 0.5
      },
      "minecraft:loot": "loot_tables/mythical_biomes/blocks/nicothekid_corrupted_log_stripped.json",
      "minecraft:on_interact": {
        "event": "nicothekid:corrupted_log_stripped_interact_bone_meal",
        "condition": "query.get_equipped_item_name('main_hand') == 'bone_meal'"
	   },
      "minecraft:on_player_placing": {
				"event": "nicothekid:place_rotation"
			},
      "minecraft:rotation": [ 0, 0, 0 ],
      
      "tag:corrupted_log_stripped": {},
      "tag:custom_stripped_log": {},
      "tag:wood": {}
    },
    "permutations": [
      {
        "condition": "query.block_property('nicothekid:rotation') == 0",
        "components": {
          "minecraft:rotation": [ 0, 0, 0 ]
        }
      },
      {
        "condition": "query.block_property('nicothekid:rotation') == 1",
        "components": {
          "minecraft:rotation": [ 90, 0, 0 ]
        }
      },
      {
        "condition": "query.block_property('nicothekid:rotation') == 2",
        "components": {
          "minecraft:rotation": [ 0, 0, 90 ]
        }
      },
      {
				"condition": "query.block_property('nicothekid:corrupted_log_back') == 0",
				"components": {
					"minecraft:material_instances": {
						"*": {
							"texture": "nicothekid_corrupted_log_stripped_side",
							"render_method": "opaque",
							"ambient_occlusion": true,
							"face_dimming": true
						},
						"up": {
							"texture": "nicothekid_corrupted_log_stripped_up",
							"render_method": "opaque",
							"ambient_occlusion": true,
							"face_dimming": true
						},
						"down": {
							"texture": "nicothekid_corrupted_log_stripped_up",
							"render_method": "opaque",
							"ambient_occlusion": true,
							"face_dimming": true
						}
					},
					"minecraft:on_interact": {
					  "event": "nicothekid:corrupted_log_stripped_interact_bone_meal",
					  "condition": "query.get_equipped_item_name('main_hand') == 'bone_meal'"
					},
					"minecraft:loot": "loot_tables/mythical_biomes/blocks/nicothekid_corrupted_log_stripped.json"
				}
			},
			{
				"condition": "query.block_property('nicothekid:corrupted_log_back') == 1",
				"components": {
					"minecraft:material_instances": {
						"*": {
							"texture": "nicothekid_corrupted_log_side",
							"render_method": "opaque",
							"ambient_occlusion": true,
							"face_dimming": true
						},
						"up": {
							"texture": "nicothekid_corrupted_log_up",
							"render_method": "opaque",
							"ambient_occlusion": true,
							"face_dimming": true
						},
						"down": {
							"texture": "nicothekid_corrupted_log_up",
							"render_method": "opaque",
							"ambient_occlusion": true,
							"face_dimming": true
						}
					},
					"minecraft:on_interact": {
					  "event": "nicothekid:corrupted_log_interact_axe",
					  "condition": "query.equipped_item_any_tag('slot.weapon.mainhand', 'minecraft:is_axe')",
					  "target": "self"
					},
					"minecraft:loot": "loot_tables/mythical_biomes/blocks/nicothekid_corrupted_log.json"
				}
			}
    ],
    "events": {
      "nicothekid:corrupted_log_stripped_interact_bone_meal": {
        "sequence": [
					{
						"decrement_stack": {}
					},
					{
						"set_block_property": {
							"nicothekid:corrupted_log_back": 1
						}
					},
					{
						"run_command": {
							"command": [
							  "playsound item.bone_meal.use @a[r=10]",
								"particle minecraft:crop_growth_emitter ~~~"
							]
						}
					}
				]
      },
      "nicothekid:corrupted_log_interact_axe": {
        "sequence": [
          {
            "set_block_property": {
              "nicothekid:corrupted_log_back": 0
            }
          },
          {
						"run_command": {
							"command": [
								"playsound use.wood @a[r=10]"
							]
						}
					},
          {
            "damage": {
              "type": "durability",
              "target": "item",
              "amount": 1
            }
          }
        ]
      },
      "nicothekid:place_rotation": {
				"set_block_property": {
					"nicothekid:rotation": "math.floor(query.cardinal_block_face_placed_on/2)"
				}
			}
    }
  }
}
