{
  "format_version": "1.19.50",
  "minecraft:block": {
    "description": {
      "identifier": "nicothekid:block_jar_honey_half",
      "menu_category": {
				"category": "none",
				"group": "none"
			},
			"properties": {
				"nicothekid:block_rotation": [
				  0,
				  1,
					2,
					3,
					4,
					5
				]
			}
    },
    "components": {
      "minecraft:material_instances": {
        "*": {
          "texture": "nicothekid_block_jar_honey_half",
          "render_method": "blend",
          "ambient_occlusion": false,
          "face_dimming": true
        }
      },
      "minecraft:geometry": "geometry.block.nicothekid_jar_half",
      "minecraft:map_color": "#4472D2",
      "minecraft:breathability": "air",
      "minecraft:placement_filter": {
        "conditions": [
          {
            "allowed_faces": [
              "up",
              "down"
            ]
          }
        ]
      },
      "minecraft:collision_box": {
        "origin": [ -5, 0, -5 ],
        "size": [ 10, 16, 10 ]
      },
      "minecraft:selection_box": {
        "origin": [ -5, 0, -5 ],
        "size": [ 10, 16, 10 ]
      },
      "minecraft:light_dampening": 0,
      "minecraft:light_emission": 0,
      "minecraft:friction": 0.4,
      "minecraft:flammable": false,
      "minecraft:destructible_by_explosion": true,
      "minecraft:destructible_by_mining": {
        "seconds_to_destroy": 0.1
      },
      "minecraft:loot": "loot_tables/nicos_item_expansion/blocks/nicothekid_block_jar_honey_half.json",
      "minecraft:on_interact": {
        "event": "nicothekid:block_jar_honey_half_interact"
      },
      "minecraft:on_player_placing": {
				"event": "nicothekid:placing_rotation"
			},
      "minecraft:rotation": [ 0, 0, 0 ],
      
      "tag:jar_block": {},
      "tag:glass": {}
    },
    "permutations": [
      {
        "condition": "query.block_property('nicothekid:block_rotation') == 0",
        "components": {
          "minecraft:rotation": [ 0, 0, 0 ]
        }
      },
      {
        "condition": "query.block_property('nicothekid:block_rotation') == 1",
        "components": {
          "minecraft:rotation": [ 0, 0, 0 ]
        }
      },
      {
        "condition": "query.block_property('nicothekid:block_rotation') == 2",
        "components": {
          "minecraft:rotation": [ 0, 180, 0 ]
        }
      },
      {
        "condition": "query.block_property('nicothekid:block_rotation') == 3",
        "components": {
          "minecraft:rotation": [ 0, 0, 0 ]
        }
      },
      {
        "condition": "query.block_property('nicothekid:block_rotation') == 4",
        "components": {
          "minecraft:rotation": [ 0, 270, 0 ]
        }
      },
      {
        "condition": "query.block_property('nicothekid:block_rotation') == 5",
        "components": {
          "minecraft:rotation": [ 0, 90, 0 ]
        }
      }
    ],
    "events": {
      "nicothekid:placing_rotation": {
				"set_block_property": {
					"nicothekid:block_rotation": "query.cardinal_facing_2d"
				}
			},
			"nicothekid:block_jar_honey_half_interact": {
				"sequence": [
					{
						"condition": "query.get_equipped_item_name('main_hand') == 'honey_bottle'",
						"trigger": {
							"event": "nicothekid:block_jar_honey_half_interact_honey_bottle",
							"target": "self"
						}
					},
					{
						"condition": "query.get_equipped_item_name('main_hand') == 'glass_bottle'",
						"trigger": {
							"event": "nicothekid:block_jar_honey_half_interact_glass_bottle",
							"target": "self"
						}
					}
				]
			},
			"nicothekid:block_jar_honey_half_interact_honey_bottle": {
				"sequence": [
				  {
						"decrement_stack": {}
					},
					{
						"run_command": {
							"command": [
							  "give @p minecraft:glass_bottle 1",
								"playsound bucket.fill_water @a[r=10]"
							]
						}
					},
					{
						"trigger": {
							"event": "nicothekid:block_jar_honey_half_to_honey_full"
						}
					}
				]
			},
			"nicothekid:block_jar_honey_half_interact_glass_bottle": {
				"sequence": [
				  {
						"decrement_stack": {}
					},
					{
						"run_command": {
							"command": [
							  "give @p minecraft:honey_bottle 1",
								"playsound bucket.fill_water @a[r=10]"
							]
						}
					},
					{
						"trigger": {
							"event": "nicothekid:block_jar_honey_half_to_empty"
						}
					}
				]
			},
			"nicothekid:block_jar_honey_half_to_honey_full": {
        "set_block": {
					"block_type": "nicothekid:block_jar_honey_full"
				}
      },
			"nicothekid:block_jar_honey_half_to_empty": {
        "set_block": {
					"block_type": "nicothekid:block_jar_empty"
				}
      }
    }
  }
}
