{
  "format_version": "1.19.50",
  "minecraft:block": {
    "description": {
      "identifier": "nicothekid:lush_grass_tall",
      "menu_category": {
				"category": "none",
				"group": "none"
			}
    },
    "components": {
      "minecraft:material_instances": {
        "*": {
          "texture": "nicothekid_lush_grass_tall",
          "render_method": "alpha_test",
          "ambient_occlusion": false,
          "face_dimming": true
        }
      },
      "minecraft:geometry": "geometry.block.nicothekid_lush_grass",
      "minecraft:map_color": "#6C8031",
      "minecraft:breathability": "air",
      "minecraft:placement_filter": {
        "conditions": [
          {
            "block_filter": [
              {
                "tags": "query.any_tag('corrupted_dirt')"
              },
              {
                "tags": "query.any_tag('grassed_stones')"
              },
              {
                "tags": "query.any_tag('grassed_woods')"
              },
              {
                "tags": "query.any_tag('mossed_stones')"
              },
              {
                "tags": "query.any_tag('mossed_woods')"
              },
              "minecraft:dirt",
              "minecraft:dirt_with_roots",
              "minecraft:grass",
              "minecraft:moss_block",
              "minecraft:podzol"
            ],
            "allowed_faces": [
              "up"
            ]
          }
        ]
      },
      "minecraft:collision_box": false,
      "minecraft:selection_box": {
        "origin": [ -8, 0, -8 ],
        "size": [ 16, 16, 16 ]
      },
      "minecraft:light_dampening": 0,
      "minecraft:light_emission": 0,
      "minecraft:friction": 0.4,
      "minecraft:flammable": {
        "catch_chance_modifier": 5,
        "destroy_chance_modifier": 20
      },
      "minecraft:destructible_by_explosion": true,
      "minecraft:destructible_by_mining": {
        "seconds_to_destroy": 0.05
      },
      "minecraft:loot": "loot_tables/forsaken_odyssey/blocks/nicothekid_lush_grass_tall.json",
      "minecraft:on_player_destroyed": {
        "event": "nicothekid:lush_grass_tall_destroyed_by_shears",
        "condition": "query.get_equipped_item_name('main_hand') == 'shears'"
      },
      
      "tag:lush_grass": {},
      "tag:custom_plant": {},
      "tag:custom_grass": {},
      "tag:plant": {},
      "tag:grass": {}
    },
    "events": {
      "nicothekid:lush_grass_tall_destroyed_by_shears": {
				"sequence": [
					{
						"spawn_loot": {
							"table": "loot_tables/forsaken_odyssey/blocks/nicothekid_lush_grass_tall_x_shears.json"
						}
					}
				]
			}
    }
  }
}
