{
  "format_version": "1.19.50",
  "minecraft:block": {
    "description": {
      "identifier": "nicothekid:spawner_allay",
      "menu_category": {
				"category": "none",
				"group": "none"
			}
    },
    "components": {
      "minecraft:material_instances": {
        "*": {
          "texture": "nicothekid_spawner_allay",
          "render_method": "blend",
          "ambient_occlusion": false,
					"face_dimming": false
        }
      },
      "minecraft:unit_cube": {},
      "minecraft:map_color": "#000000",
      "minecraft:breathability": "solid",
      "minecraft:collision_box": false,
      "minecraft:selection_box": false,
      "minecraft:light_dampening": 0,
      "minecraft:light_emission": 0,
      "minecraft:friction": 0.4,
      "minecraft:flammable": false,
      "minecraft:destructible_by_explosion": true,
      "minecraft:destructible_by_mining": {
        "seconds_to_destroy": 0.05
      },
      "minecraft:loot": "loot_tables/blocks/empty.json",
      "minecraft:random_ticking": {
				"on_tick": {
					"event": "summon:allay",
					"target": "self"
				}
      },
      
      "tag:mob_block_spawner": {}
    },
    "events": {
      "summon:allay": {
        "sequence": [
					{
						"run_command": {
							"command": [
								"summon allay ~ ~ ~"
							]
						}
					},
					{
						"set_block": {
							"block_type": "minecraft:air"
						}
					}
				]
      }
    }
  }
}
