{
  "format_version": "1.19.50",
  "minecraft:block": {
    "description": {
      "identifier": "nicothekid:wooden_oak_crate",
      "menu_category": {
				"category": "items",
				"group": "itemGroup.name.chest"
			},
			"properties": {
				"nicothekid:block_rotation": [
				  0,
				  1,
					2,
					3,
					4,
					5
				]
			}
    },
    "components": {
      "minecraft:material_instances": {
        "*": {
          "texture": "nicothekid_wooden_oak_crate",
          "render_method": "opaque",
          "ambient_occlusion": true,
					"face_dimming": true
        }
      },
      "minecraft:geometry": "geometry.block.nicothekid_cube",
      "minecraft:map_color": "#f65d0a",
      "minecraft:breathability": "solid",
      "minecraft:light_dampening": 7.0,
      "minecraft:light_emission": 0.0,
      "minecraft:friction": 0.4,
      "minecraft:flammable": {
        "catch_chance_modifier": 5,
        "destroy_chance_modifier": 20
      },
      "minecraft:destructible_by_explosion": {
        "explosion_resistance": 25.0
      },
      "minecraft:destructible_by_mining": {
        "seconds_to_destroy": 0.8
      },
      "minecraft:loot": "loot_tables/keys_crates/blocks/nicothekid_wooden_oak_crate.json",
      "minecraft:on_interact": {
        "event": "nicothekid:wooden_crate_interact",
        "condition": "query.get_equipped_item_name('main_hand') == 'flint_axe'"
      },
      "minecraft:on_player_placing": {
				"event": "nicothekid:placing_rotation"
			},
      "minecraft:rotation": [ 0, 0, 0 ],
      
      "tag:wooden_crate": {},
      "tag:wood": {}
    },
    "permutations": [
      {
        "condition": "query.block_property('nicothekid:block_rotation') == 0",
        "components": {
          "minecraft:rotation": [ 0, 0, 0 ]
        }
      },
      {
        "condition": "query.block_property('nicothekid:block_rotation') == 1",
        "components": {
          "minecraft:rotation": [ 0, 0, 0 ]
        }
      },
      {
        "condition": "query.block_property('nicothekid:block_rotation') == 2",
        "components": {
          "minecraft:rotation": [ 0, 180, 0 ]
        }
      },
      {
        "condition": "query.block_property('nicothekid:block_rotation') == 3",
        "components": {
          "minecraft:rotation": [ 0, 0, 0 ]
        }
      },
      {
        "condition": "query.block_property('nicothekid:block_rotation') == 4",
        "components": {
          "minecraft:rotation": [ 0, 270, 0 ]
        }
      },
      {
        "condition": "query.block_property('nicothekid:block_rotation') == 5",
        "components": {
          "minecraft:rotation": [ 0, 90, 0 ]
        }
      }
    ],
    "events": {
      "nicothekid:wooden_crate_interact": {
				"sequence": [
					{
						"condition": "query.get_equipped_item_name('main_hand') == 'flint_axe'",
						"trigger": {
							"event": "nicothekid:wooden_crate_interact_flint_axe",
							"target": "self"
						}
					}
				]
			},
      "nicothekid:wooden_crate_interact_flint_axe": {
				"sequence": [
					{
						"run_command": {
							"command": [
								"playsound block.barrel.open @a[r=10]"
							]
						}
					},
					{
						"spawn_loot": {
							"table": "loot_tables/keys_crates/blocks/nicothekid_wooden_crate_looted.json"
						}
					},
					{
						"trigger": {
							"event": "nicothekid:wooden_crate_looted"
						}
					}
				]
			},
      "nicothekid:wooden_crate_looted": {
        "set_block": {
					"block_type": "minecraft:air"
				}
      },
      "nicothekid:placing_rotation": {
				"set_block_property": {
					"nicothekid:block_rotation": "query.cardinal_facing_2d"
				}
			}
    }
  }
}
