{
  "format_version": "1.19.50",
  "minecraft:block": {
    "description": {
      "identifier": "nicothekid:spore_pot",
      "menu_category": {
				"category": "items"
			}
    },
    "components": {
      "minecraft:material_instances": {
        "*": {
          "texture": "nicothekid_spore_pot",
          "render_method": "blend",
          "ambient_occlusion": false,
          "face_dimming": true
        }
      },
      "minecraft:geometry": "geometry.block.nicothekid_spore_pot",
      "minecraft:map_color": "#a4643f",
      "minecraft:breathability": "air",
      "minecraft:collision_box": {
        "origin": [ -6, 0, -6 ],
        "size": [ 12, 14, 12 ]
      },
      "minecraft:selection_box": {
        "origin": [ -6, 0, -6 ],
        "size": [ 12, 16, 12 ]
      },
      "minecraft:light_dampening": 0,
      "minecraft:light_emission": 0,
      "minecraft:friction": 0.4,
      "minecraft:flammable": false,
      "minecraft:destructible_by_explosion": {
        "explosion_resistance": 30.0
      },
      "minecraft:destructible_by_mining": {
        "seconds_to_destroy": 0.3
      },
      "minecraft:loot": "loot_tables/nicos_item_expansion/blocks/nicothekid_spore_pot.json",
      "minecraft:on_interact": {
        "event": "nicothekid:spore_pot_interact"
      },
      
      "tag:spore_pot": {},
      "tag:stone": {}
    },
    "events": {
      "nicothekid:spore_pot_interact": {
				"sequence": [
					{
						"condition": "query.get_equipped_item_name('main_hand') == 'amethyst_powder'",
						"trigger": {
							"event": "nicothekid:spore_pot_interact_amethyst_powder",
							"target": "self"
						}
					},
					{
						"condition": "query.get_equipped_item_name('main_hand') == 'blaze_powder'",
						"trigger": {
							"event": "nicothekid:spore_pot_interact_blaze_powder",
							"target": "self"
						}
					},
					{
						"condition": "query.get_equipped_item_name('main_hand') == 'charcoal_powder'",
						"trigger": {
							"event": "nicothekid:spore_pot_interact_charcoal_powder",
							"target": "self"
						}
					},
					{
						"condition": "query.get_equipped_item_name('main_hand') == 'cocoa_powder'",
						"trigger": {
							"event": "nicothekid:spore_pot_interact_cocoa_powder",
							"target": "self"
						}
					},
					{
						"condition": "query.get_equipped_item_name('main_hand') == 'diamond_powder'",
						"trigger": {
							"event": "nicothekid:spore_pot_interact_diamond_powder",
							"target": "self"
						}
					},
					{
						"condition": "query.get_equipped_item_name('main_hand') == 'emerald_powder'",
						"trigger": {
							"event": "nicothekid:spore_pot_interact_emerald_powder",
							"target": "self"
						}
					},
					{
						"condition": "query.get_equipped_item_name('main_hand') == 'enchanted_dust'",
						"trigger": {
							"event": "nicothekid:spore_pot_interact_enchanted_dust",
							"target": "self"
						}
					},
					{
						"condition": "query.get_equipped_item_name('main_hand') == 'glowstone_dust'",
						"trigger": {
							"event": "nicothekid:spore_pot_interact_glowstone_dust",
							"target": "self"
						}
					},
					{
						"condition": "query.get_equipped_item_name('main_hand') == 'gold_powder'",
						"trigger": {
							"event": "nicothekid:spore_pot_interact_gold_powder",
							"target": "self"
						}
					},
					{
						"condition": "query.get_equipped_item_name('main_hand') == 'gunpowder'",
						"trigger": {
							"event": "nicothekid:spore_pot_interact_gunpowder",
							"target": "self"
						}
					},
					{
						"condition": "query.get_equipped_item_name('main_hand') == 'iron_powder'",
						"trigger": {
							"event": "nicothekid:spore_pot_interact_iron_powder",
							"target": "self"
						}
					},
					{
						"condition": "query.get_equipped_item_name('main_hand') == 'lapis_lazuli_powder'",
						"trigger": {
							"event": "nicothekid:spore_pot_interact_lapis_lazuli_powder",
							"target": "self"
						}
					},
					{
						"condition": "query.get_equipped_item_name('main_hand') == 'netherite_powder'",
						"trigger": {
							"event": "nicothekid:spore_pot_interact_netherite_powder",
							"target": "self"
						}
					},
					{
						"condition": "query.get_equipped_item_name('main_hand') == 'redstone'",
						"trigger": {
							"event": "nicothekid:spore_pot_interact_redstone",
							"target": "self"
						}
					},
					{
						"condition": "query.get_equipped_item_name('main_hand') == 'sugar'",
						"trigger": {
							"event": "nicothekid:spore_pot_interact_sugar",
							"target": "self"
						}
					}
				]
			},
      "nicothekid:spore_pot_interact_amethyst_powder": {
				"sequence": [
					{
						"run_command": {
							"command": [
								"playsound place.spore_blossom @a[r=10]"
							]
						}
					},
					{
						"decrement_stack": {}
					},
					{
						"trigger": {
							"event": "nicothekid:spore_pot_to_spore_pot_amethyst"
						}
					}
				]
			},
      "nicothekid:spore_pot_interact_blaze_powder": {
				"sequence": [
					{
						"run_command": {
							"command": [
								"playsound place.spore_blossom @a[r=10]"
							]
						}
					},
					{
						"decrement_stack": {}
					},
					{
						"trigger": {
							"event": "nicothekid:spore_pot_to_spore_pot_blaze"
						}
					}
				]
			},
      "nicothekid:spore_pot_interact_charcoal_powder": {
				"sequence": [
					{
						"run_command": {
							"command": [
								"playsound place.spore_blossom @a[r=10]"
							]
						}
					},
					{
						"decrement_stack": {}
					},
					{
						"trigger": {
							"event": "nicothekid:spore_pot_to_spore_pot_charcoal"
						}
					}
				]
			},
      "nicothekid:spore_pot_interact_cocoa_powder": {
				"sequence": [
					{
						"run_command": {
							"command": [
								"playsound place.spore_blossom @a[r=10]"
							]
						}
					},
					{
						"decrement_stack": {}
					},
					{
						"trigger": {
							"event": "nicothekid:spore_pot_to_spore_pot_cocoa"
						}
					}
				]
			},
      "nicothekid:spore_pot_interact_diamond_powder": {
				"sequence": [
					{
						"run_command": {
							"command": [
								"playsound place.spore_blossom @a[r=10]"
							]
						}
					},
					{
						"decrement_stack": {}
					},
					{
						"trigger": {
							"event": "nicothekid:spore_pot_to_spore_pot_diamond"
						}
					}
				]
			},
      "nicothekid:spore_pot_interact_emerald_powder": {
				"sequence": [
					{
						"run_command": {
							"command": [
								"playsound place.spore_blossom @a[r=10]"
							]
						}
					},
					{
						"decrement_stack": {}
					},
					{
						"trigger": {
							"event": "nicothekid:spore_pot_to_spore_pot_emerald"
						}
					}
				]
			},
      "nicothekid:spore_pot_interact_enchanted_dust": {
				"sequence": [
					{
						"run_command": {
							"command": [
								"playsound place.spore_blossom @a[r=10]"
							]
						}
					},
					{
						"decrement_stack": {}
					},
					{
						"trigger": {
							"event": "nicothekid:spore_pot_to_spore_pot_enchanted"
						}
					}
				]
			},
      "nicothekid:spore_pot_interact_glowstone_dust": {
				"sequence": [
					{
						"run_command": {
							"command": [
								"playsound place.spore_blossom @a[r=10]"
							]
						}
					},
					{
						"decrement_stack": {}
					},
					{
						"trigger": {
							"event": "nicothekid:spore_pot_to_spore_pot_glowstone"
						}
					}
				]
			},
      "nicothekid:spore_pot_interact_gold_powder": {
				"sequence": [
					{
						"run_command": {
							"command": [
								"playsound place.spore_blossom @a[r=10]"
							]
						}
					},
					{
						"decrement_stack": {}
					},
					{
						"trigger": {
							"event": "nicothekid:spore_pot_to_spore_pot_gold"
						}
					}
				]
			},
      "nicothekid:spore_pot_interact_gunpowder": {
				"sequence": [
					{
						"run_command": {
							"command": [
								"playsound place.spore_blossom @a[r=10]"
							]
						}
					},
					{
						"decrement_stack": {}
					},
					{
						"trigger": {
							"event": "nicothekid:spore_pot_to_spore_pot_gunpowder"
						}
					}
				]
			},
      "nicothekid:spore_pot_interact_iron_powder": {
				"sequence": [
					{
						"run_command": {
							"command": [
								"playsound place.spore_blossom @a[r=10]"
							]
						}
					},
					{
						"decrement_stack": {}
					},
					{
						"trigger": {
							"event": "nicothekid:spore_pot_to_spore_pot_iron"
						}
					}
				]
			},
      "nicothekid:spore_pot_interact_lapis_lazuli_powder": {
				"sequence": [
					{
						"run_command": {
							"command": [
								"playsound place.spore_blossom @a[r=10]"
							]
						}
					},
					{
						"decrement_stack": {}
					},
					{
						"trigger": {
							"event": "nicothekid:spore_pot_to_spore_pot_lapis_lazuli"
						}
					}
				]
			},
      "nicothekid:spore_pot_interact_netherite_powder": {
				"sequence": [
					{
						"run_command": {
							"command": [
								"playsound place.spore_blossom @a[r=10]"
							]
						}
					},
					{
						"decrement_stack": {}
					},
					{
						"trigger": {
							"event": "nicothekid:spore_pot_to_spore_pot_netherite"
						}
					}
				]
			},
      "nicothekid:spore_pot_interact_redstone": {
				"sequence": [
					{
						"run_command": {
							"command": [
								"playsound place.spore_blossom @a[r=10]"
							]
						}
					},
					{
						"decrement_stack": {}
					},
					{
						"trigger": {
							"event": "nicothekid:spore_pot_to_spore_pot_redstone"
						}
					}
				]
			},
      "nicothekid:spore_pot_interact_sugar": {
				"sequence": [
					{
						"run_command": {
							"command": [
								"playsound place.spore_blossom @a[r=10]"
							]
						}
					},
					{
						"decrement_stack": {}
					},
					{
						"trigger": {
							"event": "nicothekid:spore_pot_to_spore_pot_sugar"
						}
					}
				]
			},
      "nicothekid:spore_pot_to_spore_pot_amethyst": {
        "set_block": {
					"block_type": "nicothekid:spore_pot_amethyst"
				}
      },
      "nicothekid:spore_pot_to_spore_pot_blaze": {
        "set_block": {
					"block_type": "nicothekid:spore_pot_blaze"
				}
      },
      "nicothekid:spore_pot_to_spore_pot_charcoal": {
        "set_block": {
					"block_type": "nicothekid:spore_pot_charcoal"
				}
      },
      "nicothekid:spore_pot_to_spore_pot_cocoa": {
        "set_block": {
					"block_type": "nicothekid:spore_pot_cocoa"
				}
      },
      "nicothekid:spore_pot_to_spore_pot_diamond": {
        "set_block": {
					"block_type": "nicothekid:spore_pot_diamond"
				}
      },
      "nicothekid:spore_pot_to_spore_pot_emerald": {
        "set_block": {
					"block_type": "nicothekid:spore_pot_emerald"
				}
      },
      "nicothekid:spore_pot_to_spore_pot_enchanted": {
        "set_block": {
					"block_type": "nicothekid:spore_pot_enchanted"
				}
      },
      "nicothekid:spore_pot_to_spore_pot_glowstone": {
        "set_block": {
					"block_type": "nicothekid:spore_pot_glowstone"
				}
      },
      "nicothekid:spore_pot_to_spore_pot_gold": {
        "set_block": {
					"block_type": "nicothekid:spore_pot_gold"
				}
      },
      "nicothekid:spore_pot_to_spore_pot_gunpowder": {
        "set_block": {
					"block_type": "nicothekid:spore_pot_gunpowder"
				}
      },
      "nicothekid:spore_pot_to_spore_pot_iron": {
        "set_block": {
					"block_type": "nicothekid:spore_pot_iron"
				}
      },
      "nicothekid:spore_pot_to_spore_pot_lapis_lazuli": {
        "set_block": {
					"block_type": "nicothekid:spore_pot_lapis_lazuli"
				}
      },
      "nicothekid:spore_pot_to_spore_pot_netherite": {
        "set_block": {
					"block_type": "nicothekid:spore_pot_netherite"
				}
      },
      "nicothekid:spore_pot_to_spore_pot_redstone": {
        "set_block": {
					"block_type": "nicothekid:spore_pot_redstone"
				}
      },
      "nicothekid:spore_pot_to_spore_pot_sugar": {
        "set_block": {
					"block_type": "nicothekid:spore_pot_sugar"
				}
      }
    }
  }
}
