{
  "format_version": "1.19.50",
  "minecraft:block": {
    "description": {
      "identifier": "nicothekid:tallgrass_bale",
      "menu_category": {
				"category": "construction"
			},
      "properties": {
				"nicothekid:block_rotation": [
					0,
					1,
					2
				]
			}
    },
    "components": {
      "minecraft:material_instances": {
        "*": {
          "texture": "nicothekid_tallgrass_bale_side",
          "render_method": "opaque",
          "ambient_occlusion": true,
					"face_dimming": true
        },
        "up": {
          "texture": "nicothekid_tallgrass_bale_up",
          "render_method": "opaque",
          "ambient_occlusion": true,
					"face_dimming": true
        },
        "down": {
          "texture": "nicothekid_tallgrass_bale_up",
          "render_method": "opaque",
          "ambient_occlusion": true,
					"face_dimming": true
        }
      },
      "minecraft:unit_cube": {},
      "minecraft:map_color": "#3eb831",
      "minecraft:breathability": "solid",
      "minecraft:light_dampening": 15,
      "minecraft:light_emission": 0,
      "minecraft:friction": 0.4,
      "minecraft:flammable": {
        "catch_chance_modifier": 5,
        "destroy_chance_modifier": 20
      },
      "minecraft:destructible_by_explosion": true,
      "minecraft:destructible_by_mining": {
				"seconds_to_destroy": 0.2
			},
      "minecraft:loot": "loot_tables/nicos_block_expansion/blocks/nicothekid_tallgrass_bale.json",
      "minecraft:on_player_placing": {
				"event": "nicothekid:placing_rotation"
			},
      "minecraft:rotation": [ 0, 0, 0 ],
      
      "tag:tallgrass_bale": {},
      "tag:custom_bale": {},
      "tag:plant": {}
    },
    "permutations": [
      {
        "condition": "query.block_property('nicothekid:block_rotation') == 0",
        "components": {
          "minecraft:rotation": [ 0, 0, 0 ]
        }
      },
      {
        "condition": "query.block_property('nicothekid:block_rotation') == 1",
        "components": {
          "minecraft:rotation": [ 90, 0, 0 ]
        }
      },
      {
        "condition": "query.block_property('nicothekid:block_rotation') == 2",
        "components": {
          "minecraft:rotation": [ 0, 0, 90 ]
        }
      }
    ],
    "events": {
      "nicothekid:placing_rotation": {
				"set_block_property": {
					"nicothekid:block_rotation": "math.floor(query.cardinal_block_face_placed_on/2)"
				}
			}
    }
  }
}
