{
  "format_version": "1.19.50",
  "minecraft:block": {
    "description": {
      "identifier": "nicothekid:clump_of_brown_mushrooms",
      "menu_category": {
				"category": "nature",
        "group": "itemGroup.name.mushroom"
			},
			"properties": {
				"nicothekid:block_rotation": [
				  0,
				  1,
					2,
					3,
					4,
					5
				]
			}
    },
    "components": {
      "minecraft:material_instances": {
        "*": {
          "texture": "nicothekid_clump_of_brown_mushrooms",
          "render_method": "alpha_test",
          "ambient_occlusion": true,
          "face_dimming": true
        }
      },
      "minecraft:geometry": "geometry.block.nicothekid_clump_of_brown_mushrooms",
      "minecraft:map_color": "#736057",
      "minecraft:breathability": "air",
      "minecraft:placement_filter": {
        "conditions": [
          {
            "allowed_faces": [
              "up"
            ]
          }
        ]
      },
      "minecraft:collision_box": {
        "origin": [ -8, 0, -8 ],
        "size": [ 16, 12, 16 ]
      },
      "minecraft:selection_box": {
        "origin": [ -8, 0, -8 ],
        "size": [ 16, 12, 16 ]
      },
      "minecraft:light_dampening": 0,
      "minecraft:light_emission": 0,
      "minecraft:friction": 0.4,
      "minecraft:flammable": {
        "catch_chance_modifier": 5,
        "destroy_chance_modifier": 20
      },
      "minecraft:destructible_by_explosion": true,
      "minecraft:destructible_by_mining": {
        "seconds_to_destroy": 0.1
      },
      "minecraft:loot": "loot_tables/nicos_block_expansion/blocks/nicothekid_clump_of_brown_mushrooms.json",
      "minecraft:on_player_placing": {
				"event": "nicothekid:placing_rotation"
			},
      "minecraft:rotation": [ 0, 0, 0 ],
      
      "tag:clump_of_brown_mushrooms": {},
      "tag:clump_of_mushrooms": {},
      "tag:custom_plant": {},
      "tag:custom_fungus": {},
      "tag:plant": {}
    },
    "permutations": [
      {
        "condition": "query.block_property('nicothekid:block_rotation') == 0",
        "components": {
          "minecraft:rotation": [ 0, 0, 0 ]
        }
      },
      {
        "condition": "query.block_property('nicothekid:block_rotation') == 1",
        "components": {
          "minecraft:rotation": [ 0, 0, 0 ]
        }
      },
      {
        "condition": "query.block_property('nicothekid:block_rotation') == 2",
        "components": {
          "minecraft:rotation": [ 0, 180, 0 ]
        }
      },
      {
        "condition": "query.block_property('nicothekid:block_rotation') == 3",
        "components": {
          "minecraft:rotation": [ 0, 0, 0 ]
        }
      },
      {
        "condition": "query.block_property('nicothekid:block_rotation') == 4",
        "components": {
          "minecraft:rotation": [ 0, 270, 0 ]
        }
      },
      {
        "condition": "query.block_property('nicothekid:block_rotation') == 5",
        "components": {
          "minecraft:rotation": [ 0, 90, 0 ]
        }
      }
    ],
    "events": {
      "nicothekid:placing_rotation": {
				"set_block_property": {
					"nicothekid:block_rotation": "query.cardinal_facing_2d"
				}
			}
    }
  }
}
