{
  "format_version": "1.19.50",
  "minecraft:block": {
    "description": {
      "identifier": "nicothekid:amethyst_lamp",
      "menu_category": {
				"category": "items"
			}
    },
    "components": {
      "minecraft:material_instances": {
        "*": {
          "texture": "nicothekid_amethyst_lamp",
          "render_method": "opaque",
          "ambient_occlusion": true,
					"face_dimming": false
        }
      },
      "minecraft:unit_cube": {},
      "minecraft:map_color": "#a659d1",
      "minecraft:breathability": "solid",
      "minecraft:light_dampening": 15,
      "minecraft:light_emission": 15,
      "minecraft:friction": 0.4,
      "minecraft:flammable": false,
      "minecraft:destructible_by_explosion": {
        "explosion_resistance": 25.0
      },
      "minecraft:destructible_by_mining": {
        "seconds_to_destroy": 0.3
      },
      "minecraft:loot": "loot_tables/lamps_lanterns/blocks/nicothekid_amethyst_lamp.json",
      
      "tag:amethyst_lamp": {},
      "tag:stones_lamp": {},
      "tag:custom_lamp": {},
      "tag:stone": {}
    }
  }
}
