{
  "format_version": "1.19.50",
  "minecraft:block": {
    "description": {
      "identifier": "nicothekid:copper_lamp_04",
      "menu_category": {
				"category": "items"
			}
    },
    "components": {
      "minecraft:material_instances": {
        "*": {
          "texture": "nicothekid_copper_lamp_04",
          "render_method": "opaque",
          "ambient_occlusion": true,
					"face_dimming": true
        }
      },
      "minecraft:unit_cube": {},
      "minecraft:map_color": "#ff8201",
      "minecraft:breathability": "solid",
      "minecraft:light_dampening": 15,
      "minecraft:light_emission": 9,
      "minecraft:friction": 0.4,
      "minecraft:flammable": false,
      "minecraft:destructible_by_explosion": {
        "explosion_resistance": 50.0
      },
      "minecraft:destructible_by_mining": {
        "seconds_to_destroy": 0.3
      },
      "minecraft:loot": "loot_tables/lamps_lanterns/blocks/nicothekid_copper_lamp_04.json",
      "minecraft:on_interact": {
        "condition": "query.equipped_item_any_tag('slot.weapon.mainhand', 'minecraft:is_axe')",
        "event": "nicothekid:copper_lamp_04_to_03",
        "target": "self"
      },
      
      "tag:copper_lamp": {},
      "tag:custom_lamp": {},
      "tag:stone": {},
      "tag:metal": {}
    },
    "events": {
      "nicothekid:copper_lamp_04_to_03": {
        "sequence": [
          {
						"run_command": {
							"command": [
								"playsound copper.wax.off @a[r=10]",
								"particle minecraft:crop_growth_emitter ~ ~ ~"
							]
						}
					},
          {
            "set_block": {
              "block_type": "nicothekid:copper_lamp_03"
            }
          },
          {
            "damage": {
              "type": "durability",
              "target": "item",
              "amount": 1
            }
          }
        ]
      }
    }
  }
}
