{
  "format_version": "1.16.0",
  "minecraft:feature_rules": {
    "description": {
      "identifier": "nicothekid:structure_x_abandoned_chapel_desert",
      "places_feature": "nicothekid:structure_weight_x_abandoned_chapel_desert"
    },
    "conditions": {
      "placement_pass": "surface_pass",
      "minecraft:biome_filter": [
        {
          "all_of": [
            {
              "any_of": [
                {
                  "test": "has_biome_tag",
                  "operator": "==",
                  "value": "desert"
                }
              ]
            }
          ]
        }
      ]
    },
    "distribution": {
      "iterations": 1,
      "scatter_chance": 0.03,
      "x": {
        "distribution": "uniform",
        "extent": [ -16, 16 ]
      },
      "y": "query.heightmap(variable.worldx, variable.worldz) + -8",
      "z": {
        "distribution": "uniform",
        "extent": [ -16, 16 ]
      }
    }
  }
}