{
  "format_version": "1.16.0",
  "minecraft:feature_rules": {
    "description": {
      "identifier": "nicothekid:structure_x_abandoned_house_plain",
      "places_feature": "nicothekid:structure_weight_x_abandoned_house_plain"
    },
    "conditions": {
      "placement_pass": "surface_pass",
      "minecraft:biome_filter": [
        {
          "all_of": [
            {
              "test": "has_biome_tag",
              "operator": "!=",
              "value": "jungle"
            },
            {
              "test": "has_biome_tag",
              "operator": "!=",
              "value": "extreme_hills"
            },
            {
              "any_of": [
                {
                  "test": "has_biome_tag",
                  "operator": "==",
                  "value": "corrupted_forest"
                },
                {
                  "test": "has_biome_tag",
                  "operator": "==",
                  "value": "plains"
                },
                {
									"test": "has_biome_tag",
									"operator": "==",
									"value": "flower_forest"
								},
                {
                  "test": "has_biome_tag",
                  "operator": "==",
                  "value": "forest"
                },
                {
                  "test": "has_biome_tag",
                  "operator": "==",
                  "value": "swamp"
                },
                {
                  "test": "has_biome_tag",
                  "operator": "==",
                  "value": "swampland"
                }
              ]
            }
          ]
        }
      ]
    },
    "distribution": {
      "iterations": 1,
      "scatter_chance": 0.08,
      "x": {
        "distribution": "uniform",
        "extent": [ -16, 16 ]
      },
      "y": "query.heightmap(variable.worldx, variable.worldz) + -2",
      "z": {
        "distribution": "uniform",
        "extent": [ -16, 16 ]
      }
    }
  }
}