{
  "format_version": "1.16.0",
  "minecraft:feature_rules": {
    "description": {
      "identifier": "nicothekid:structure_x_abandoned_house_cave",
      "places_feature": "nicothekid:structure_weight_x_abandoned_house_cave"
    },
    "conditions": {
      "placement_pass": "underground_pass",
      "minecraft:biome_filter": [
        {
          "all_of": [
            {
              "test": "has_biome_tag",
              "operator": "!=",
              "value": "ocean"
            },
            {
              "any_of": [
                {
                  "test": "has_biome_tag",
                  "operator": "==",
                  "value": "overworld"
                }
              ]
            }
          ]
        }
      ]
    },
    "distribution": {
      "iterations": 1,
      "scatter_chance": 1.5,
      "x": {
        "distribution": "uniform",
        "extent": [ -16, 16 ]
      },
      "y": {
        "distribution": "uniform",
        "extent": [ 0, 48 ]
      },
      "z": {
        "distribution": "uniform",
        "extent": [ -16, 16 ]
      }
    }
  }
}